기업명,채용공고링크
GS네오텍㈜,/Recruit/GI_Read/45249456?Oem_Code=C1&logpath=1&stext=python&listno=1
에스케이티엔에스,/Recruit/GI_Read/45239177?Oem_Code=C1&logpath=1&stext=python&listno=2
㈜아이엠뱅크,/Recruit/GI_Read/45286148?Oem_Code=C1&logpath=1&stext=python&listno=3
휴먼교육센터,/Recruit/GI_Read/45341120?Oem_Code=C1&logpath=1&stext=python&listno=4
㈜하이미디어아카데미,/Recruit/GI_Read/45349095?Oem_Code=C1&logpath=1&stext=python&listno=5
㈜에임메드,/Recruit/GI_Read/45342224?Oem_Code=C1&logpath=1&stext=python&listno=6
이컴라인,/Recruit/GI_Read/45334555?Oem_Code=C1&logpath=1&stext=python&listno=7
㈜이컴라인,/Recruit/GI_Read/45334519?Oem_Code=C1&logpath=1&stext=python&listno=8
이컴라인,/Recruit/GI_Read/45289030?Oem_Code=C1&logpath=1&stext=python&listno=9
㈜넥슨,/Recruit/GI_Read/44924699?Oem_Code=C1&logpath=1&stext=python&listno=10
㈜링크제니시스,/Recruit/GI_Read/45344404?Oem_Code=C1&logpath=1&stext=python&listno=11
㈜링크제니시스,/Recruit/GI_Read/45315663?Oem_Code=C1&logpath=1&stext=python&listno=12
㈜넥슨,/Recruit/GI_Read/45294084?Oem_Code=C1&logpath=1&stext=python&listno=13
㈜이글루코퍼레이션,/Recruit/GI_Read/45250402?Oem_Code=C1&logpath=1&stext=python&listno=14
㈜이글루코퍼레이션,/Recruit/GI_Read/45244155?Oem_Code=C1&logpath=1&stext=python&listno=15
펜타시스템테크놀러지㈜,/Recruit/GI_Read/45242396?Oem_Code=C1&logpath=1&stext=python&listno=16
㈜넥슨,/Recruit/GI_Read/45237369?Oem_Code=C1&logpath=1&stext=python&listno=17
한국직업전문학교,/Recruit/GI_Read/45103667?Oem_Code=C1&logpath=1&stext=python&listno=18
㈜아이티사람들,/Recruit/GI_Read/45347220?Oem_Code=C1&logpath=1&stext=python&listno=19
마스코리아㈜,/Recruit/GI_Read/45335102?Oem_Code=C1&logpath=1&stext=python&listno=20
㈜엔시스템,/Recruit/GI_Read/45294466?Oem_Code=C1&logpath=1&stext=python&listno=21
C&C; KOREA,/Recruit/GI_Read/45288620?Oem_Code=C1&logpath=1&stext=python&listno=22
㈜애드크림,/Recruit/GI_Read/45278448?Oem_Code=C1&logpath=1&stext=python&listno=23
㈜한국미용데이터,/Recruit/GI_Read/45163714?Oem_Code=C1&logpath=1&stext=python&listno=24
마스코리아㈜,/Recruit/GI_Read/44927505?Oem_Code=C1&logpath=1&stext=python&listno=25
위쉬정보기술㈜,/Recruit/GI_Read/45357627?Oem_Code=C1&logpath=1&stext=python&listno=26
㈜유니포유,/Recruit/GI_Read/45356398?Oem_Code=C1&logpath=1&stext=python&listno=27
㈜뷰브레인헬스케어,/Recruit/GI_Read/45349625?Oem_Code=C1&logpath=1&stext=python&listno=28
인텍솔루션㈜,/Recruit/GI_Read/45348670?Oem_Code=C1&logpath=1&stext=python&listno=29
㈜에스메이트,/Recruit/GI_Read/45344480?Oem_Code=C1&logpath=1&stext=python&listno=30
㈜에스메이트,/Recruit/GI_Read/45344172?Oem_Code=C1&logpath=1&stext=python&listno=31
㈜퀀텀데이터,/Recruit/GI_Read/45343776?Oem_Code=C1&logpath=1&stext=python&listno=32
㈜필그림소프트,/Recruit/GI_Read/45343428?Oem_Code=C1&logpath=1&stext=python&listno=33
크로스체크,/Recruit/GI_Read/45343098?Oem_Code=C1&logpath=1&stext=python&listno=34
㈜케이씨엠에스,/Recruit/GI_Read/45341837?Oem_Code=C1&logpath=1&stext=python&listno=35
마크클라우드,/Recruit/GI_Read/45340505?Oem_Code=C1&logpath=1&stext=python&listno=36
㈜아이알에스소프트코리아,/Recruit/GI_Read/45340186?Oem_Code=C1&logpath=1&stext=python&listno=37
㈜제이투이,/Recruit/GI_Read/45337036?Oem_Code=C1&logpath=1&stext=python&listno=38
㈜유클리드소프트,/Recruit/GI_Read/45332942?Oem_Code=C1&logpath=1&stext=python&listno=39
더조은컴퓨터학원,/Recruit/GI_Read/45324601?Oem_Code=C1&logpath=1&stext=python&listno=40
이그레브,/Recruit/GI_Read/45323646?Oem_Code=C1&logpath=1&stext=python&listno=41
누리꿈소프트㈜,/Recruit/GI_Read/45322989?Oem_Code=C1&logpath=1&stext=python&listno=42
㈜티엔블루,/Recruit/GI_Read/45321600?Oem_Code=C1&logpath=1&stext=python&listno=43
마이스터정보기술㈜,/Recruit/GI_Read/45320601?Oem_Code=C1&logpath=1&stext=python&listno=44
㈜심네트,/Recruit/GI_Read/45318967?Oem_Code=C1&logpath=1&stext=python&listno=45
이투스에듀㈜,/Recruit/GI_Read/45317686?Oem_Code=C1&logpath=1&stext=python&listno=46
㈜레노소프트,/Recruit/GI_Read/45312043?Oem_Code=C1&logpath=1&stext=python&listno=47
㈜에이치앤엘시스템,/Recruit/GI_Read/45310080?Oem_Code=C1&logpath=1&stext=python&listno=48
토피아정보기술㈜,/Recruit/GI_Read/45288844?Oem_Code=C1&logpath=1&stext=python&listno=49
토피아정보기술㈜,/Recruit/GI_Read/45288901?Oem_Code=C1&logpath=1&stext=python&listno=50
㈜이빗,/Recruit/GI_Read/45266152?Oem_Code=C1&logpath=1&stext=python&listno=51
블록스퀘어서울,/Recruit/GI_Read/45282161?Oem_Code=C1&logpath=1&stext=python&listno=52
㈜뮤즈블라썸,/Recruit/GI_Read/45276446?Oem_Code=C1&logpath=1&stext=python&listno=53
㈜라인시스템,/Recruit/GI_Read/45273633?Oem_Code=C1&logpath=1&stext=python&listno=54
㈜큐브베리,/Recruit/GI_Read/45272772?Oem_Code=C1&logpath=1&stext=python&listno=55
㈜케파스,/Recruit/GI_Read/45270111?Oem_Code=C1&logpath=1&stext=python&listno=56
㈜에이든랩,/Recruit/GI_Read/45265798?Oem_Code=C1&logpath=1&stext=python&listno=57
㈜엑스오비스,/Recruit/GI_Read/45255418?Oem_Code=C1&logpath=1&stext=python&listno=58
올거나이즈코리아㈜,/Recruit/GI_Read/45254175?Oem_Code=C1&logpath=1&stext=python&listno=59
애드인소프트,/Recruit/GI_Read/45248871?Oem_Code=C1&logpath=1&stext=python&listno=60
㈜세종교육,/Recruit/GI_Read/45247671?Oem_Code=C1&logpath=1&stext=python&listno=61
㈜리팅랩스,/Recruit/GI_Read/45246453?Oem_Code=C1&logpath=1&stext=python&listno=62
행복쇼핑 주식회사,/Recruit/GI_Read/45241330?Oem_Code=C1&logpath=1&stext=python&listno=63
㈜도스모랩,/Recruit/GI_Read/45237470?Oem_Code=C1&logpath=1&stext=python&listno=64
㈜마인드에이아이,/Recruit/GI_Read/45237428?Oem_Code=C1&logpath=1&stext=python&listno=65
블록스퀘어서울,/Recruit/GI_Read/45234308?Oem_Code=C1&logpath=1&stext=python&listno=66
충북대학교병원,/Recruit/GI_Read/45227366?Oem_Code=C1&logpath=1&stext=python&listno=67
유한회사 에이오엑스코리아,/Recruit/GI_Read/45227234?Oem_Code=C1&logpath=1&stext=python&listno=68
㈜씨에스엠17(CSM17),/Recruit/GI_Read/45223599?Oem_Code=C1&logpath=1&stext=python&listno=69
(주)글로벌아카데미,/Recruit/GI_Read/45220552?Oem_Code=C1&logpath=1&stext=python&listno=70
㈜모아데이타,/Recruit/GI_Read/45216559?Oem_Code=C1&logpath=1&stext=python&listno=71
㈜위존 강남사업장,/Recruit/GI_Read/45214195?Oem_Code=C1&logpath=1&stext=python&listno=72
㈜미니레코드,/Recruit/GI_Read/45206205?Oem_Code=C1&logpath=1&stext=python&listno=73
㈜아이니네트웍스,/Recruit/GI_Read/45204631?Oem_Code=C1&logpath=1&stext=python&listno=74
씨앤에프시스템㈜,/Recruit/GI_Read/45204240?Oem_Code=C1&logpath=1&stext=python&listno=75
메타빌드㈜,/Recruit/GI_Read/45194880?Oem_Code=C1&logpath=1&stext=python&listno=76
노마드코더,/Recruit/GI_Read/45191995?Oem_Code=C1&logpath=1&stext=python&listno=77
㈜에이프로코리아,/Recruit/GI_Read/45186485?Oem_Code=C1&logpath=1&stext=python&listno=78
㈜조인아이티,/Recruit/GI_Read/45178141?Oem_Code=C1&logpath=1&stext=python&listno=79
㈜지에스아이오토모티브,/Recruit/GI_Read/45174678?Oem_Code=C1&logpath=1&stext=python&listno=80
놀이의발견,/Recruit/GI_Read/45165341?Oem_Code=C1&logpath=1&stext=python&listno=81
㈜위키드스톰,/Recruit/GI_Read/45159283?Oem_Code=C1&logpath=1&stext=python&listno=82
퍼솔켈리코리아 유한회사,/Recruit/GI_Read/45154182?Oem_Code=C1&logpath=1&stext=python&listno=83
㈜인스펙터,/Recruit/GI_Read/45142955?Oem_Code=C1&logpath=1&stext=python&listno=84
지엔소프트㈜,/Recruit/GI_Read/45133650?Oem_Code=C1&logpath=1&stext=python&listno=85
㈜씨브로드,/Recruit/GI_Read/45133094?Oem_Code=C1&logpath=1&stext=python&listno=86
㈜씨에스리,/Recruit/GI_Read/45126307?Oem_Code=C1&logpath=1&stext=python&listno=87
㈜아이알에스소프트코리아,/Recruit/GI_Read/45111855?Oem_Code=C1&logpath=1&stext=python&listno=88
PENTAIN,/Recruit/GI_Read/45095745?Oem_Code=C1&logpath=1&stext=python&listno=89
㈜에이젠글로벌,/Recruit/GI_Read/45065811?Oem_Code=C1&logpath=1&stext=python&listno=90
㈜와이엠엑스,/Recruit/GI_Read/44995135?Oem_Code=C1&logpath=1&stext=python&listno=91
㈜디지키,/Recruit/GI_Read/44965786?Oem_Code=C1&logpath=1&stext=python&listno=92
릴랩㈜,/Recruit/GI_Read/45349028?Oem_Code=C1&logpath=1&stext=python&listno=93
㈜페어립에듀,/Recruit/GI_Read/45348267?Oem_Code=C1&logpath=1&stext=python&listno=94
양정인력개발센터,/Recruit/GI_Read/45347398?Oem_Code=C1&logpath=1&stext=python&listno=95
㈜케이엘피,/Recruit/GI_Read/45346871?Oem_Code=C1&logpath=1&stext=python&listno=96
㈜케이엘피,/Recruit/GI_Read/45346835?Oem_Code=C1&logpath=1&stext=python&listno=97
(it)개발자클라우드(ai)인공지능빅데이터국비지원학원,/Recruit/GI_Read/45323838?Oem_Code=C1&logpath=1&stext=python&listno=98
㈜퍼브,/Recruit/GI_Read/45339334?Oem_Code=C1&logpath=1&stext=python&listno=99
씨아이랩스,/Recruit/GI_Read/45330750?Oem_Code=C1&logpath=1&stext=python&listno=100
㈜지산인공지능,/Recruit/GI_Read/45318973?Oem_Code=C1&logpath=1&stext=python&listno=101
㈜씨에스엠17(CSM17),/Recruit/GI_Read/45303973?Oem_Code=C1&logpath=1&stext=python&listno=102
㈜3S 소프트,/Recruit/GI_Read/45194345?Oem_Code=C1&logpath=1&stext=python&listno=103
㈜자이온아이티에스,/Recruit/GI_Read/45053650?Oem_Code=C1&logpath=1&stext=python&listno=104
엔테크서비스 주식회사,/Recruit/GI_Read/45296077?Oem_Code=C1&logpath=1&stext=python&listno=105
㈜고영테크놀러지,/Recruit/GI_Read/45337679?Oem_Code=C1&logpath=1&stext=python&listno=106
㈜아이센스,/Recruit/GI_Read/45269672?Oem_Code=C1&logpath=1&stext=python&listno=107
로지스올그룹,/Recruit/GI_Read/45261808?Oem_Code=C1&logpath=1&stext=python&listno=108
㈜단비교육,/Recruit/GI_Read/45254576?Oem_Code=C1&logpath=1&stext=python&listno=109
㈜모트렉스,/Recruit/GI_Read/45335317?Oem_Code=C1&logpath=1&stext=python&listno=110
동양생명보험㈜,/Recruit/GI_Read/45311209?Oem_Code=C1&logpath=1&stext=python&listno=111
"㈜숲(SOOP CO., LTD.)",/Recruit/GI_Read/45332897?Oem_Code=C1&logpath=1&stext=python&listno=112
"㈜숲(SOOP CO., LTD.)",/Recruit/GI_Read/45332888?Oem_Code=C1&logpath=1&stext=python&listno=113
㈜ 호디,/Recruit/GI_Read/45327826?Oem_Code=C1&logpath=1&stext=python&listno=114
㈜아이엠비디엑스,/Recruit/GI_Read/45312947?Oem_Code=C1&logpath=1&stext=python&listno=115
펜타시스템테크놀러지㈜,/Recruit/GI_Read/45298968?Oem_Code=C1&logpath=1&stext=python&listno=116
카페24㈜,/Recruit/GI_Read/45236572?Oem_Code=C1&logpath=1&stext=python&listno=117
카페24㈜,/Recruit/GI_Read/45236264?Oem_Code=C1&logpath=1&stext=python&listno=118
카페24㈜,/Recruit/GI_Read/45235740?Oem_Code=C1&logpath=1&stext=python&listno=119
펜타시스템테크놀러지㈜,/Recruit/GI_Read/45218617?Oem_Code=C1&logpath=1&stext=python&listno=120
이너버스,/Recruit/GI_Read/45346353?Oem_Code=C1&logpath=1&stext=python&listno=121
㈜닷,/Recruit/GI_Read/45343532?Oem_Code=C1&logpath=1&stext=python&listno=122
㈜이엠넷,/Recruit/GI_Read/45312680?Oem_Code=C1&logpath=1&stext=python&listno=123
환인제약,/Recruit/GI_Read/45341349?Oem_Code=C1&logpath=1&stext=python&listno=124
환인제약,/Recruit/GI_Read/45341145?Oem_Code=C1&logpath=1&stext=python&listno=125
카카오뱅크,/Recruit/GI_Read/45338020?Oem_Code=C1&logpath=1&stext=python&listno=126
엘지이노텍,/Recruit/GI_Read/45336018?Oem_Code=C1&logpath=1&stext=python&listno=127
엘지이노텍,/Recruit/GI_Read/45335993?Oem_Code=C1&logpath=1&stext=python&listno=128
㈜플래티어,/Recruit/GI_Read/45332025?Oem_Code=C1&logpath=1&stext=python&listno=129
㈜플래티어,/Recruit/GI_Read/45331923?Oem_Code=C1&logpath=1&stext=python&listno=130
티맵모빌리티㈜,/Recruit/GI_Read/45334473?Oem_Code=C1&logpath=1&stext=python&listno=131
㈜넥슨,/Recruit/GI_Read/45330817?Oem_Code=C1&logpath=1&stext=python&listno=132
㈜넥슨,/Recruit/GI_Read/45330196?Oem_Code=C1&logpath=1&stext=python&listno=133
㈜에코마케팅,/Recruit/GI_Read/45307198?Oem_Code=C1&logpath=1&stext=python&listno=134
오픈갤러리,/Recruit/GI_Read/45318417?Oem_Code=C1&logpath=1&stext=python&listno=135
동국시스템즈㈜,/Recruit/GI_Read/45325535?Oem_Code=C1&logpath=1&stext=python&listno=136
㈜넥슨,/Recruit/GI_Read/45324277?Oem_Code=C1&logpath=1&stext=python&listno=137
신한투자증권,/Recruit/GI_Read/45322919?Oem_Code=C1&logpath=1&stext=python&listno=138
신한투자증권,/Recruit/GI_Read/45322909?Oem_Code=C1&logpath=1&stext=python&listno=139
㈜한화,/Recruit/GI_Read/45322665?Oem_Code=C1&logpath=1&stext=python&listno=140
신한투자증권,/Recruit/GI_Read/45322334?Oem_Code=C1&logpath=1&stext=python&listno=141
디어유,/Recruit/GI_Read/45319002?Oem_Code=C1&logpath=1&stext=python&listno=142
디어유,/Recruit/GI_Read/45318989?Oem_Code=C1&logpath=1&stext=python&listno=143
㈜카카오엔터테인먼트,/Recruit/GI_Read/45319290?Oem_Code=C1&logpath=1&stext=python&listno=144
㈜카카오엔터테인먼트,/Recruit/GI_Read/45319274?Oem_Code=C1&logpath=1&stext=python&listno=145
㈜에코마케팅,/Recruit/GI_Read/45313902?Oem_Code=C1&logpath=1&stext=python&listno=146
㈜커넥트웨이브,/Recruit/GI_Read/45310355?Oem_Code=C1&logpath=1&stext=python&listno=147
㈜엔미디어플랫폼,/Recruit/GI_Read/45316090?Oem_Code=C1&logpath=1&stext=python&listno=148
모본㈜,/Recruit/GI_Read/45315014?Oem_Code=C1&logpath=1&stext=python&listno=149
㈜넥슨,/Recruit/GI_Read/45314635?Oem_Code=C1&logpath=1&stext=python&listno=150
LX세미콘,/Recruit/GI_Read/45313797?Oem_Code=C1&logpath=1&stext=python&listno=151
베스핀글로벌㈜,/Recruit/GI_Read/45311994?Oem_Code=C1&logpath=1&stext=python&listno=152
㈜씨티케이,/Recruit/GI_Read/45310544?Oem_Code=C1&logpath=1&stext=python&listno=153
쎄트렉아이,/Recruit/GI_Read/45309955?Oem_Code=C1&logpath=1&stext=python&listno=154
카카오뱅크,/Recruit/GI_Read/45305737?Oem_Code=C1&logpath=1&stext=python&listno=155
카카오뱅크,/Recruit/GI_Read/45305539?Oem_Code=C1&logpath=1&stext=python&listno=156
카카오뱅크,/Recruit/GI_Read/45305123?Oem_Code=C1&logpath=1&stext=python&listno=157
㈜케이티클라우드,/Recruit/GI_Read/45304255?Oem_Code=C1&logpath=1&stext=python&listno=158
㈜케이티클라우드,/Recruit/GI_Read/45304186?Oem_Code=C1&logpath=1&stext=python&listno=159
이타스코리아㈜,/Recruit/GI_Read/45302104?Oem_Code=C1&logpath=1&stext=python&listno=160
㈜벡터코리아 (Vector Korea),/Recruit/GI_Read/45301049?Oem_Code=C1&logpath=1&stext=python&listno=161
코웨이㈜,/Recruit/GI_Read/45299603?Oem_Code=C1&logpath=1&stext=python&listno=162
코웨이㈜,/Recruit/GI_Read/45299586?Oem_Code=C1&logpath=1&stext=python&listno=163
코웨이㈜,/Recruit/GI_Read/45299243?Oem_Code=C1&logpath=1&stext=python&listno=164
㈜스마일게이트홀딩스,/Recruit/GI_Read/45297477?Oem_Code=C1&logpath=1&stext=python&listno=165
㈜다날,/Recruit/GI_Read/45295499?Oem_Code=C1&logpath=1&stext=python&listno=166
11번가㈜,/Recruit/GI_Read/45295988?Oem_Code=C1&logpath=1&stext=python&listno=167
㈜넥슨,/Recruit/GI_Read/45294098?Oem_Code=C1&logpath=1&stext=python&listno=168
㈜넥슨,/Recruit/GI_Read/45294072?Oem_Code=C1&logpath=1&stext=python&listno=169
㈜넥슨,/Recruit/GI_Read/45294069?Oem_Code=C1&logpath=1&stext=python&listno=170
삼성전자㈜,/Recruit/GI_Read/45293736?Oem_Code=C1&logpath=1&stext=python&listno=171
엘지전자㈜,/Recruit/GI_Read/45292361?Oem_Code=C1&logpath=1&stext=python&listno=172
㈜퍼플아카데미,/Recruit/GI_Read/45292256?Oem_Code=C1&logpath=1&stext=python&listno=173
㈜퍼플아카데미,/Recruit/GI_Read/45290483?Oem_Code=C1&logpath=1&stext=python&listno=174
㈜한국능률협회컨설팅,/Recruit/GI_Read/45289682?Oem_Code=C1&logpath=1&stext=python&listno=175
㈜한국능률협회컨설팅,/Recruit/GI_Read/45289650?Oem_Code=C1&logpath=1&stext=python&listno=176
네이버랩스,/Recruit/GI_Read/45289772?Oem_Code=C1&logpath=1&stext=python&listno=177
㈜이스트소프트,/Recruit/GI_Read/45287321?Oem_Code=C1&logpath=1&stext=python&listno=178
에이에스엠엘코리아㈜,/Recruit/GI_Read/45287226?Oem_Code=C1&logpath=1&stext=python&listno=179
한화컨버전스㈜,/Recruit/GI_Read/45285885?Oem_Code=C1&logpath=1&stext=python&listno=180
SK텔레콤,/Recruit/GI_Read/45284253?Oem_Code=C1&logpath=1&stext=python&listno=181
칼자이스,/Recruit/GI_Read/45282483?Oem_Code=C1&logpath=1&stext=python&listno=182
아이헤이트플라잉버그스㈜,/Recruit/GI_Read/45268923?Oem_Code=C1&logpath=1&stext=python&listno=183
㈜에이피알,/Recruit/GI_Read/45273166?Oem_Code=C1&logpath=1&stext=python&listno=184
㈜마크로젠,/Recruit/GI_Read/45272066?Oem_Code=C1&logpath=1&stext=python&listno=185
㈜에프앤가이드,/Recruit/GI_Read/45270446?Oem_Code=C1&logpath=1&stext=python&listno=186
㈜에프앤가이드,/Recruit/GI_Read/45270438?Oem_Code=C1&logpath=1&stext=python&listno=187
카카오뱅크,/Recruit/GI_Read/45268722?Oem_Code=C1&logpath=1&stext=python&listno=188
존슨앤드존슨,/Recruit/GI_Read/45267780?Oem_Code=C1&logpath=1&stext=python&listno=189
㈜케이디엑스한국데이터거래소,/Recruit/GI_Read/45264679?Oem_Code=C1&logpath=1&stext=python&listno=190
㈜비아이매트릭스,/Recruit/GI_Read/45263642?Oem_Code=C1&logpath=1&stext=python&listno=191
㈜비아이매트릭스,/Recruit/GI_Read/45263631?Oem_Code=C1&logpath=1&stext=python&listno=192
코맥스,/Recruit/GI_Read/45263265?Oem_Code=C1&logpath=1&stext=python&listno=193
코맥스,/Recruit/GI_Read/45263220?Oem_Code=C1&logpath=1&stext=python&listno=194
에스케이실트론,/Recruit/GI_Read/45263053?Oem_Code=C1&logpath=1&stext=python&listno=195
㈜앤씨앤,/Recruit/GI_Read/45237512?Oem_Code=C1&logpath=1&stext=python&listno=196
카페24㈜,/Recruit/GI_Read/45257441?Oem_Code=C1&logpath=1&stext=python&listno=197
카카오게임즈,/Recruit/GI_Read/45256539?Oem_Code=C1&logpath=1&stext=python&listno=198
㈜웅진,/Recruit/GI_Read/45254797?Oem_Code=C1&logpath=1&stext=python&listno=199
㈜웅진,/Recruit/GI_Read/45254747?Oem_Code=C1&logpath=1&stext=python&listno=200
㈜텔레칩스,/Recruit/GI_Read/45252828?Oem_Code=C1&logpath=1&stext=python&listno=201
피엠인터내셔널코리아(유),/Recruit/GI_Read/45251310?Oem_Code=C1&logpath=1&stext=python&listno=202
현대오토에버㈜,/Recruit/GI_Read/45251239?Oem_Code=C1&logpath=1&stext=python&listno=203
(주)엠포스,/Recruit/GI_Read/45251514?Oem_Code=C1&logpath=1&stext=python&listno=204
㈜엑스와이지,/Recruit/GI_Read/45248444?Oem_Code=C1&logpath=1&stext=python&listno=205
㈜휴넷,/Recruit/GI_Read/45245199?Oem_Code=C1&logpath=1&stext=python&listno=206
㈜이글루코퍼레이션,/Recruit/GI_Read/45244152?Oem_Code=C1&logpath=1&stext=python&listno=207
베스핀글로벌㈜,/Recruit/GI_Read/45237178?Oem_Code=C1&logpath=1&stext=python&listno=208
㈜판도라티비,/Recruit/GI_Read/45230909?Oem_Code=C1&logpath=1&stext=python&listno=209
신한DS,/Recruit/GI_Read/45232139?Oem_Code=C1&logpath=1&stext=python&listno=210
㈜넥슨,/Recruit/GI_Read/45231901?Oem_Code=C1&logpath=1&stext=python&listno=211
한미반도체㈜,/Recruit/GI_Read/45223513?Oem_Code=C1&logpath=1&stext=python&listno=212
㈜클라우드네트웍스,/Recruit/GI_Read/45221182?Oem_Code=C1&logpath=1&stext=python&listno=213
㈜카카오엔터프라이즈,/Recruit/GI_Read/45218471?Oem_Code=C1&logpath=1&stext=python&listno=214
㈜와드,/Recruit/GI_Read/45216417?Oem_Code=C1&logpath=1&stext=python&listno=215
㈜티사이언티픽,/Recruit/GI_Read/45216436?Oem_Code=C1&logpath=1&stext=python&listno=216
㈜티맥스티베로,/Recruit/GI_Read/45208523?Oem_Code=C1&logpath=1&stext=python&listno=217
㈜셀바스에이아이,/Recruit/GI_Read/45198776?Oem_Code=C1&logpath=1&stext=python&listno=218
㈜미니게이트,/Recruit/GI_Read/45197763?Oem_Code=C1&logpath=1&stext=python&listno=219
디어유,/Recruit/GI_Read/45196993?Oem_Code=C1&logpath=1&stext=python&listno=220
써모피셔사이언티픽 코리아,/Recruit/GI_Read/45196594?Oem_Code=C1&logpath=1&stext=python&listno=221
㈜텔레칩스,/Recruit/GI_Read/45190599?Oem_Code=C1&logpath=1&stext=python&listno=222
㈜네오플,/Recruit/GI_Read/45185091?Oem_Code=C1&logpath=1&stext=python&listno=223
㈜네오플,/Recruit/GI_Read/45185080?Oem_Code=C1&logpath=1&stext=python&listno=224
메가존클라우드㈜,/Recruit/GI_Read/45184824?Oem_Code=C1&logpath=1&stext=python&listno=225
㈜넥슨,/Recruit/GI_Read/45184452?Oem_Code=C1&logpath=1&stext=python&listno=226
㈜넥슨,/Recruit/GI_Read/45176131?Oem_Code=C1&logpath=1&stext=python&listno=227
㈜라인플러스,/Recruit/GI_Read/45174268?Oem_Code=C1&logpath=1&stext=python&listno=228
㈜아나패스,/Recruit/GI_Read/45165615?Oem_Code=C1&logpath=1&stext=python&listno=229
㈜벡터코리아 (Vector Korea),/Recruit/GI_Read/45162689?Oem_Code=C1&logpath=1&stext=python&listno=230
㈜벡터코리아 (Vector Korea),/Recruit/GI_Read/45162687?Oem_Code=C1&logpath=1&stext=python&listno=231
㈜벡터코리아 (Vector Korea),/Recruit/GI_Read/45162683?Oem_Code=C1&logpath=1&stext=python&listno=232
㈜데이타솔루션,/Recruit/GI_Read/45163187?Oem_Code=C1&logpath=1&stext=python&listno=233
크림(주),/Recruit/GI_Read/45161128?Oem_Code=C1&logpath=1&stext=python&listno=234
크림(주),/Recruit/GI_Read/45160986?Oem_Code=C1&logpath=1&stext=python&listno=235
㈜투윈스컴,/Recruit/GI_Read/45157279?Oem_Code=C1&logpath=1&stext=python&listno=236
두나무,/Recruit/GI_Read/45156093?Oem_Code=C1&logpath=1&stext=python&listno=237
두나무,/Recruit/GI_Read/45154642?Oem_Code=C1&logpath=1&stext=python&listno=238
현대오토에버㈜,/Recruit/GI_Read/45148683?Oem_Code=C1&logpath=1&stext=python&listno=239
두산로보틱스,/Recruit/GI_Read/45148474?Oem_Code=C1&logpath=1&stext=python&listno=240
두산로보틱스,/Recruit/GI_Read/45148336?Oem_Code=C1&logpath=1&stext=python&listno=241
㈜네오바이오텍,/Recruit/GI_Read/45140228?Oem_Code=C1&logpath=1&stext=python&listno=242
현대건설,/Recruit/GI_Read/45142773?Oem_Code=C1&logpath=1&stext=python&listno=243
11번가㈜,/Recruit/GI_Read/45142562?Oem_Code=C1&logpath=1&stext=python&listno=244
㈜와이비에스,/Recruit/GI_Read/45142454?Oem_Code=C1&logpath=1&stext=python&listno=245
㈜벡터코리아 (Vector Korea),/Recruit/GI_Read/45124501?Oem_Code=C1&logpath=1&stext=python&listno=246
메가존클라우드㈜,/Recruit/GI_Read/45123293?Oem_Code=C1&logpath=1&stext=python&listno=247
㈜벡터코리아 (Vector Korea),/Recruit/GI_Read/45124453?Oem_Code=C1&logpath=1&stext=python&listno=248
㈜벡터코리아 (Vector Korea),/Recruit/GI_Read/45124404?Oem_Code=C1&logpath=1&stext=python&listno=249
㈜한화,/Recruit/GI_Read/45124299?Oem_Code=C1&logpath=1&stext=python&listno=250
㈜넥슨,/Recruit/GI_Read/45116047?Oem_Code=C1&logpath=1&stext=python&listno=251
㈜넥슨,/Recruit/GI_Read/45109632?Oem_Code=C1&logpath=1&stext=python&listno=252
㈜넥슨,/Recruit/GI_Read/45080520?Oem_Code=C1&logpath=1&stext=python&listno=253
㈜엑스와이지,/Recruit/GI_Read/45068235?Oem_Code=C1&logpath=1&stext=python&listno=254
크림(주),/Recruit/GI_Read/45063000?Oem_Code=C1&logpath=1&stext=python&listno=255
㈜가비아,/Recruit/GI_Read/45043852?Oem_Code=C1&logpath=1&stext=python&listno=256
㈜가비아,/Recruit/GI_Read/45062233?Oem_Code=C1&logpath=1&stext=python&listno=257
슈어소프트테크㈜,/Recruit/GI_Read/45056073?Oem_Code=C1&logpath=1&stext=python&listno=258
슈어소프트테크㈜,/Recruit/GI_Read/45056047?Oem_Code=C1&logpath=1&stext=python&listno=259
㈜뤼이드,/Recruit/GI_Read/45055186?Oem_Code=C1&logpath=1&stext=python&listno=260
㈜마음에이아이,/Recruit/GI_Read/45054151?Oem_Code=C1&logpath=1&stext=python&listno=261
딜로이트컨설팅,/Recruit/GI_Read/45039073?Oem_Code=C1&logpath=1&stext=python&listno=262
㈜넥슨,/Recruit/GI_Read/45030222?Oem_Code=C1&logpath=1&stext=python&listno=263
㈜피알앤디컴퍼니,/Recruit/GI_Read/45017242?Oem_Code=C1&logpath=1&stext=python&listno=264
㈜에이피알,/Recruit/GI_Read/45020495?Oem_Code=C1&logpath=1&stext=python&listno=265
㈜엑셈,/Recruit/GI_Read/45017533?Oem_Code=C1&logpath=1&stext=python&listno=266
제주은행,/Recruit/GI_Read/45016137?Oem_Code=C1&logpath=1&stext=python&listno=267
제주은행,/Recruit/GI_Read/45016112?Oem_Code=C1&logpath=1&stext=python&listno=268
제주은행,/Recruit/GI_Read/45016029?Oem_Code=C1&logpath=1&stext=python&listno=269
㈜가비아,/Recruit/GI_Read/45013639?Oem_Code=C1&logpath=1&stext=python&listno=270
㈜엠로,/Recruit/GI_Read/45012214?Oem_Code=C1&logpath=1&stext=python&listno=271
중고나라,/Recruit/GI_Read/45007508?Oem_Code=C1&logpath=1&stext=python&listno=272
빗썸코리아,/Recruit/GI_Read/44992830?Oem_Code=C1&logpath=1&stext=python&listno=273
㈜넥슨,/Recruit/GI_Read/44989227?Oem_Code=C1&logpath=1&stext=python&listno=274
한국타이어앤테크놀로지,/Recruit/GI_Read/44980998?Oem_Code=C1&logpath=1&stext=python&listno=275
한국타이어앤테크놀로지,/Recruit/GI_Read/44980964?Oem_Code=C1&logpath=1&stext=python&listno=276
한국타이어앤테크놀로지,/Recruit/GI_Read/44980956?Oem_Code=C1&logpath=1&stext=python&listno=277
한국타이어앤테크놀로지,/Recruit/GI_Read/44980952?Oem_Code=C1&logpath=1&stext=python&listno=278
한국타이어앤테크놀로지,/Recruit/GI_Read/44980918?Oem_Code=C1&logpath=1&stext=python&listno=279
한국타이어앤테크놀로지,/Recruit/GI_Read/44980877?Oem_Code=C1&logpath=1&stext=python&listno=280
한국생산기술연구원,/Recruit/GI_Read/44974073?Oem_Code=C1&logpath=1&stext=python&listno=281
㈜미디어로그,/Recruit/GI_Read/44956031?Oem_Code=C1&logpath=1&stext=python&listno=282
엔에이치엔㈜,/Recruit/GI_Read/44951252?Oem_Code=C1&logpath=1&stext=python&listno=283
㈜넥슨,/Recruit/GI_Read/44924650?Oem_Code=C1&logpath=1&stext=python&listno=284
㈜넥슨,/Recruit/GI_Read/44924643?Oem_Code=C1&logpath=1&stext=python&listno=285
㈜넥슨,/Recruit/GI_Read/44924634?Oem_Code=C1&logpath=1&stext=python&listno=286
한화엔진,/Recruit/GI_Read/44905343?Oem_Code=C1&logpath=1&stext=python&listno=287
어플라이드 머티어리얼즈 코리아,/Recruit/GI_Read/45325504?Oem_Code=C1&logpath=1&stext=python&listno=288
㈜대웅제약,/Recruit/GI_Read/45319908?Oem_Code=C1&logpath=1&stext=python&listno=289
에스케이쉴더스㈜,/Recruit/GI_Read/45290341?Oem_Code=C1&logpath=1&stext=python&listno=290
슈어소프트테크㈜,/Recruit/GI_Read/45289230?Oem_Code=C1&logpath=1&stext=python&listno=291
㈜비즈테크아이,/Recruit/GI_Read/45284805?Oem_Code=C1&logpath=1&stext=python&listno=292
㈜아이유노글로벌,/Recruit/GI_Read/45271242?Oem_Code=C1&logpath=1&stext=python&listno=293
㈜비즈테크아이,/Recruit/GI_Read/45261200?Oem_Code=C1&logpath=1&stext=python&listno=294
에스케이쉴더스㈜,/Recruit/GI_Read/45259743?Oem_Code=C1&logpath=1&stext=python&listno=295
㈜웅진,/Recruit/GI_Read/45233831?Oem_Code=C1&logpath=1&stext=python&listno=296
㈜유베이스,/Recruit/GI_Read/45220495?Oem_Code=C1&logpath=1&stext=python&listno=297
㈜태성에스엔이,/Recruit/GI_Read/45188682?Oem_Code=C1&logpath=1&stext=python&listno=298
㈜메조미디어,/Recruit/GI_Read/45164922?Oem_Code=C1&logpath=1&stext=python&listno=299
㈜천재교과서,/Recruit/GI_Read/45158178?Oem_Code=C1&logpath=1&stext=python&listno=300
㈜케이엑스넥스지,/Recruit/GI_Read/45163134?Oem_Code=C1&logpath=1&stext=python&listno=301
㈜플래티어,/Recruit/GI_Read/45154585?Oem_Code=C1&logpath=1&stext=python&listno=302
㈜컴투스,/Recruit/GI_Read/45142395?Oem_Code=C1&logpath=1&stext=python&listno=303
㈜컴투스,/Recruit/GI_Read/45118603?Oem_Code=C1&logpath=1&stext=python&listno=304
㈜텔레칩스,/Recruit/GI_Read/45093268?Oem_Code=C1&logpath=1&stext=python&listno=305
㈜웹젠,/Recruit/GI_Read/45066438?Oem_Code=C1&logpath=1&stext=python&listno=306
㈜웹젠,/Recruit/GI_Read/45066401?Oem_Code=C1&logpath=1&stext=python&listno=307
NICE페이먼츠㈜,/Recruit/GI_Read/45051048?Oem_Code=C1&logpath=1&stext=python&listno=308
㈜플래티어,/Recruit/GI_Read/45049342?Oem_Code=C1&logpath=1&stext=python&listno=309
㈜컴투스,/Recruit/GI_Read/45039425?Oem_Code=C1&logpath=1&stext=python&listno=310
㈜티와이엠,/Recruit/GI_Read/45029103?Oem_Code=C1&logpath=1&stext=python&listno=311
㈜커넥트웨이브,/Recruit/GI_Read/45015875?Oem_Code=C1&logpath=1&stext=python&listno=312
㈜컴투스,/Recruit/GI_Read/45013706?Oem_Code=C1&logpath=1&stext=python&listno=313
㈜컴투스,/Recruit/GI_Read/45013277?Oem_Code=C1&logpath=1&stext=python&listno=314
㈜비바리퍼블리카,/Recruit/GI_Read/44957574?Oem_Code=C1&logpath=1&stext=python&listno=315
㈜비바리퍼블리카,/Recruit/GI_Read/44957555?Oem_Code=C1&logpath=1&stext=python&listno=316
㈜비바리퍼블리카,/Recruit/GI_Read/44957426?Oem_Code=C1&logpath=1&stext=python&listno=317
㈜아이에이엠,/Recruit/GI_Read/45341834?Oem_Code=C1&logpath=1&stext=python&listno=318
㈜엔시스템,/Recruit/GI_Read/45322118?Oem_Code=C1&logpath=1&stext=python&listno=319
㈜파이오링크,/Recruit/GI_Read/45315373?Oem_Code=C1&logpath=1&stext=python&listno=320
㈜더원,/Recruit/GI_Read/45313956?Oem_Code=C1&logpath=1&stext=python&listno=321
㈜온품,/Recruit/GI_Read/45268451?Oem_Code=C1&logpath=1&stext=python&listno=322
㈜제로믹스,/Recruit/GI_Read/45218811?Oem_Code=C1&logpath=1&stext=python&listno=323
㈜연세교육아카데미,/Recruit/GI_Read/45211851?Oem_Code=C1&logpath=1&stext=python&listno=324
㈜연세교육아카데미,/Recruit/GI_Read/45210056?Oem_Code=C1&logpath=1&stext=python&listno=325
모빌테크,/Recruit/GI_Read/45204272?Oem_Code=C1&logpath=1&stext=python&listno=326
알피니언메디칼시스템㈜,/Recruit/GI_Read/45126507?Oem_Code=C1&logpath=1&stext=python&listno=327
㈜포니링크,/Recruit/GI_Read/45102048?Oem_Code=C1&logpath=1&stext=python&listno=328
㈜디스페이스코리아,/Recruit/GI_Read/45045448?Oem_Code=C1&logpath=1&stext=python&listno=329
코싸인온㈜,/Recruit/GI_Read/45015273?Oem_Code=C1&logpath=1&stext=python&listno=330
㈜스피링크,/Recruit/GI_Read/44979993?Oem_Code=C1&logpath=1&stext=python&listno=331
㈜아이넷캅,/Recruit/GI_Read/44976263?Oem_Code=C1&logpath=1&stext=python&listno=332
㈜미라클핀테크,/Recruit/GI_Read/45092099?Oem_Code=C1&logpath=1&stext=python&listno=333
㈜유비씨,/Recruit/GI_Read/45351904?Oem_Code=C1&logpath=1&stext=python&listno=334
소프트웨어재난연구센터,/Recruit/GI_Read/45344967?Oem_Code=C1&logpath=1&stext=python&listno=335
노드소프트㈜,/Recruit/GI_Read/45349723?Oem_Code=C1&logpath=1&stext=python&listno=336
㈜디랩,/Recruit/GI_Read/45349424?Oem_Code=C1&logpath=1&stext=python&listno=337
대아티아이㈜,/Recruit/GI_Read/45348657?Oem_Code=C1&logpath=1&stext=python&listno=338
엑소시스템즈,/Recruit/GI_Read/45348347?Oem_Code=C1&logpath=1&stext=python&listno=339
넛지헬스케어㈜,/Recruit/GI_Read/45346927?Oem_Code=C1&logpath=1&stext=python&listno=340
"㈜씨제스스튜디오(C Jes Studios Co., Ltd.)",/Recruit/GI_Read/45347125?Oem_Code=C1&logpath=1&stext=python&listno=341
㈜에프에스솔루션,/Recruit/GI_Read/45346893?Oem_Code=C1&logpath=1&stext=python&listno=342
㈜파이버프로,/Recruit/GI_Read/45345964?Oem_Code=C1&logpath=1&stext=python&listno=343
㈜딥노이드,/Recruit/GI_Read/45346246?Oem_Code=C1&logpath=1&stext=python&listno=344
㈜제이메라크,/Recruit/GI_Read/45346056?Oem_Code=C1&logpath=1&stext=python&listno=345
㈜압구정코딩컨설팅,/Recruit/GI_Read/45345969?Oem_Code=C1&logpath=1&stext=python&listno=346
코아시아넥셀,/Recruit/GI_Read/45345868?Oem_Code=C1&logpath=1&stext=python&listno=347
스펙터,/Recruit/GI_Read/45342748?Oem_Code=C1&logpath=1&stext=python&listno=348
㈜자몽랩(JAMONGLAB I,/Recruit/GI_Read/45344949?Oem_Code=C1&logpath=1&stext=python&listno=349
㈜클라이원트,/Recruit/GI_Read/45341375?Oem_Code=C1&logpath=1&stext=python&listno=350
㈜클라이원트,/Recruit/GI_Read/45341361?Oem_Code=C1&logpath=1&stext=python&listno=351
㈜베스티아소프트,/Recruit/GI_Read/45344726?Oem_Code=C1&logpath=1&stext=python&listno=352
㈜씨피식스,/Recruit/GI_Read/45343445?Oem_Code=C1&logpath=1&stext=python&listno=353
㈜에이비일팔공,/Recruit/GI_Read/45343351?Oem_Code=C1&logpath=1&stext=python&listno=354
㈜첫눈소프트,/Recruit/GI_Read/45343253?Oem_Code=C1&logpath=1&stext=python&listno=355
법무법인(유한) 이현,/Recruit/GI_Read/45341838?Oem_Code=C1&logpath=1&stext=python&listno=356
주식회사 맨파워코리아,/Recruit/GI_Read/45341001?Oem_Code=C1&logpath=1&stext=python&listno=357
㈜브릭,/Recruit/GI_Read/45340647?Oem_Code=C1&logpath=1&stext=python&listno=358
라이트비전㈜,/Recruit/GI_Read/45339661?Oem_Code=C1&logpath=1&stext=python&listno=359
㈜지엘티코리아,/Recruit/GI_Read/45339659?Oem_Code=C1&logpath=1&stext=python&listno=360
㈜지엘티코리아,/Recruit/GI_Read/45339576?Oem_Code=C1&logpath=1&stext=python&listno=361
씨나몬,/Recruit/GI_Read/45338592?Oem_Code=C1&logpath=1&stext=python&listno=362
㈜퓨런티어,/Recruit/GI_Read/45337512?Oem_Code=C1&logpath=1&stext=python&listno=363
㈜오이솔루션,/Recruit/GI_Read/45337242?Oem_Code=C1&logpath=1&stext=python&listno=364
㈜제이투이,/Recruit/GI_Read/45336939?Oem_Code=C1&logpath=1&stext=python&listno=365
㈜앰진,/Recruit/GI_Read/45336792?Oem_Code=C1&logpath=1&stext=python&listno=366
링크플로우㈜,/Recruit/GI_Read/45335945?Oem_Code=C1&logpath=1&stext=python&listno=367
지케이코리아,/Recruit/GI_Read/45335881?Oem_Code=C1&logpath=1&stext=python&listno=368
텔레픽스,/Recruit/GI_Read/45334900?Oem_Code=C1&logpath=1&stext=python&listno=369
텔레픽스,/Recruit/GI_Read/45334881?Oem_Code=C1&logpath=1&stext=python&listno=370
텔레픽스,/Recruit/GI_Read/45334832?Oem_Code=C1&logpath=1&stext=python&listno=371
푸드팡㈜,/Recruit/GI_Read/45333437?Oem_Code=C1&logpath=1&stext=python&listno=372
㈜성운컴네트,/Recruit/GI_Read/45334414?Oem_Code=C1&logpath=1&stext=python&listno=373
㈜오아시스비즈니스,/Recruit/GI_Read/45334266?Oem_Code=C1&logpath=1&stext=python&listno=374
시너지에이아이㈜,/Recruit/GI_Read/45333369?Oem_Code=C1&logpath=1&stext=python&listno=375
㈜줄탁동시소프트,/Recruit/GI_Read/45332718?Oem_Code=C1&logpath=1&stext=python&listno=376
㈜줄탁동시소프트,/Recruit/GI_Read/45332656?Oem_Code=C1&logpath=1&stext=python&listno=377
이롬넷,/Recruit/GI_Read/45331824?Oem_Code=C1&logpath=1&stext=python&listno=378
㈜위비즈테크,/Recruit/GI_Read/45331729?Oem_Code=C1&logpath=1&stext=python&listno=379
롯데이노베이트㈜,/Recruit/GI_Read/45331446?Oem_Code=C1&logpath=1&stext=python&listno=380
㈜알티모빌리티,/Recruit/GI_Read/45329545?Oem_Code=C1&logpath=1&stext=python&listno=381
㈜딥노이드,/Recruit/GI_Read/45330438?Oem_Code=C1&logpath=1&stext=python&listno=382
㈜코리아아이티아카데미 인천,/Recruit/GI_Read/45329962?Oem_Code=C1&logpath=1&stext=python&listno=383
㈜코리아아이티아카데미 인천,/Recruit/GI_Read/45329955?Oem_Code=C1&logpath=1&stext=python&listno=384
로이드케이,/Recruit/GI_Read/45329836?Oem_Code=C1&logpath=1&stext=python&listno=385
㈜알지티,/Recruit/GI_Read/45329019?Oem_Code=C1&logpath=1&stext=python&listno=386
강남 그린컴퓨터아카데미,/Recruit/GI_Read/45281697?Oem_Code=C1&logpath=1&stext=python&listno=387
엠앤앤에이치㈜,/Recruit/GI_Read/45328043?Oem_Code=C1&logpath=1&stext=python&listno=388
넛지헬스케어㈜,/Recruit/GI_Read/45325038?Oem_Code=C1&logpath=1&stext=python&listno=389
㈜메디치소프트,/Recruit/GI_Read/45324929?Oem_Code=C1&logpath=1&stext=python&listno=390
㈜카카오페이,/Recruit/GI_Read/45324583?Oem_Code=C1&logpath=1&stext=python&listno=391
리드피플㈜,/Recruit/GI_Read/45323713?Oem_Code=C1&logpath=1&stext=python&listno=392
푸드팡㈜,/Recruit/GI_Read/45322110?Oem_Code=C1&logpath=1&stext=python&listno=393
로보케어,/Recruit/GI_Read/45321953?Oem_Code=C1&logpath=1&stext=python&listno=394
로민,/Recruit/GI_Read/45321830?Oem_Code=C1&logpath=1&stext=python&listno=395
㈜안셈,/Recruit/GI_Read/45321818?Oem_Code=C1&logpath=1&stext=python&listno=396
㈜모니터랩,/Recruit/GI_Read/45321155?Oem_Code=C1&logpath=1&stext=python&listno=397
썬인프라㈜,/Recruit/GI_Read/45320572?Oem_Code=C1&logpath=1&stext=python&listno=398
좋은생각,/Recruit/GI_Read/45319219?Oem_Code=C1&logpath=1&stext=python&listno=399
㈜잇올,/Recruit/GI_Read/45319769?Oem_Code=C1&logpath=1&stext=python&listno=400
통신대안평가㈜,/Recruit/GI_Read/45318601?Oem_Code=C1&logpath=1&stext=python&listno=401
㈜포체인스,/Recruit/GI_Read/45318888?Oem_Code=C1&logpath=1&stext=python&listno=402
㈜아라종합기술,/Recruit/GI_Read/45318360?Oem_Code=C1&logpath=1&stext=python&listno=403
㈜핍스디멘션,/Recruit/GI_Read/45316365?Oem_Code=C1&logpath=1&stext=python&listno=404
㈜더쇼소프웨어,/Recruit/GI_Read/45315946?Oem_Code=C1&logpath=1&stext=python&listno=405
파인테크소프트㈜(PINETEC,/Recruit/GI_Read/45316065?Oem_Code=C1&logpath=1&stext=python&listno=406
㈜소테리아,/Recruit/GI_Read/45315592?Oem_Code=C1&logpath=1&stext=python&listno=407
㈜엘엑스세미콘,/Recruit/GI_Read/45315455?Oem_Code=C1&logpath=1&stext=python&listno=408
㈜투비소프트,/Recruit/GI_Read/45315419?Oem_Code=C1&logpath=1&stext=python&listno=409
부산대학교 지능물류빅데이터연구소,/Recruit/GI_Read/45315174?Oem_Code=C1&logpath=1&stext=python&listno=410
"웨이브아메리카스(wavve Americas, lnc.)",/Recruit/GI_Read/45315017?Oem_Code=C1&logpath=1&stext=python&listno=411
㈜베스티아소프트,/Recruit/GI_Read/45313590?Oem_Code=C1&logpath=1&stext=python&listno=412
㈜에니아이,/Recruit/GI_Read/45050015?Oem_Code=C1&logpath=1&stext=python&listno=413
㈜ 데이터메이커,/Recruit/GI_Read/45311849?Oem_Code=C1&logpath=1&stext=python&listno=414
㈜ 데이터메이커,/Recruit/GI_Read/45311098?Oem_Code=C1&logpath=1&stext=python&listno=415
㈜ 데이터메이커,/Recruit/GI_Read/45311091?Oem_Code=C1&logpath=1&stext=python&listno=416
㈜공감데이터,/Recruit/GI_Read/45311718?Oem_Code=C1&logpath=1&stext=python&listno=417
하이미디어아카데미,/Recruit/GI_Read/45311344?Oem_Code=C1&logpath=1&stext=python&listno=418
㈜세나테크놀로지,/Recruit/GI_Read/45310539?Oem_Code=C1&logpath=1&stext=python&listno=419
㈜비글즈,/Recruit/GI_Read/45310152?Oem_Code=C1&logpath=1&stext=python&listno=420
㈜비글즈,/Recruit/GI_Read/45310146?Oem_Code=C1&logpath=1&stext=python&listno=421
㈜인피닉,/Recruit/GI_Read/45310214?Oem_Code=C1&logpath=1&stext=python&listno=422
㈜보스반도체,/Recruit/GI_Read/45308519?Oem_Code=C1&logpath=1&stext=python&listno=423
㈜보스반도체,/Recruit/GI_Read/45308502?Oem_Code=C1&logpath=1&stext=python&listno=424
유비아이넷,/Recruit/GI_Read/45303409?Oem_Code=C1&logpath=1&stext=python&listno=425
유비아이넷,/Recruit/GI_Read/45303291?Oem_Code=C1&logpath=1&stext=python&listno=426
㈜리브스메드,/Recruit/GI_Read/45306099?Oem_Code=C1&logpath=1&stext=python&listno=427
㈜리브스메드,/Recruit/GI_Read/45306062?Oem_Code=C1&logpath=1&stext=python&listno=428
㈜바이오에이아이,/Recruit/GI_Read/45304734?Oem_Code=C1&logpath=1&stext=python&listno=429
㈜피플웍스,/Recruit/GI_Read/45304959?Oem_Code=C1&logpath=1&stext=python&listno=430
아콘소프트(주),/Recruit/GI_Read/45304730?Oem_Code=C1&logpath=1&stext=python&listno=431
㈜카이미,/Recruit/GI_Read/45304184?Oem_Code=C1&logpath=1&stext=python&listno=432
㈜파이디지털헬스케어,/Recruit/GI_Read/45304086?Oem_Code=C1&logpath=1&stext=python&listno=433
㈜티로보틱스,/Recruit/GI_Read/45304006?Oem_Code=C1&logpath=1&stext=python&listno=434
하만커넥티드서비시즈인크,/Recruit/GI_Read/45303275?Oem_Code=C1&logpath=1&stext=python&listno=435
㈜카카오헬스케어,/Recruit/GI_Read/45303258?Oem_Code=C1&logpath=1&stext=python&listno=436
㈜스트라드비젼,/Recruit/GI_Read/45302555?Oem_Code=C1&logpath=1&stext=python&listno=437
㈜스트라드비젼,/Recruit/GI_Read/45302403?Oem_Code=C1&logpath=1&stext=python&listno=438
에스넷아이씨티㈜,/Recruit/GI_Read/45302297?Oem_Code=C1&logpath=1&stext=python&listno=439
㈜아이드,/Recruit/GI_Read/45300185?Oem_Code=C1&logpath=1&stext=python&listno=440
㈔한국산업지능화협회,/Recruit/GI_Read/45301681?Oem_Code=C1&logpath=1&stext=python&listno=441
㈜리브스메드,/Recruit/GI_Read/45300987?Oem_Code=C1&logpath=1&stext=python&listno=442
㈜리브스메드,/Recruit/GI_Read/45300881?Oem_Code=C1&logpath=1&stext=python&listno=443
비에스지원,/Recruit/GI_Read/45301175?Oem_Code=C1&logpath=1&stext=python&listno=444
㈜메이머스트,/Recruit/GI_Read/45300233?Oem_Code=C1&logpath=1&stext=python&listno=445
㈜에스씨에스,/Recruit/GI_Read/45299090?Oem_Code=C1&logpath=1&stext=python&listno=446
㈜유엑스비즈텍,/Recruit/GI_Read/45293533?Oem_Code=C1&logpath=1&stext=python&listno=447
코빗,/Recruit/GI_Read/45297873?Oem_Code=C1&logpath=1&stext=python&listno=448
㈜버튼스,/Recruit/GI_Read/45297657?Oem_Code=C1&logpath=1&stext=python&listno=449
딥파인,/Recruit/GI_Read/45297581?Oem_Code=C1&logpath=1&stext=python&listno=450
딥파인,/Recruit/GI_Read/45297520?Oem_Code=C1&logpath=1&stext=python&listno=451
㈜옵트에이아이,/Recruit/GI_Read/45296813?Oem_Code=C1&logpath=1&stext=python&listno=452
㈜옵트에이아이,/Recruit/GI_Read/45296751?Oem_Code=C1&logpath=1&stext=python&listno=453
㈜옵트에이아이,/Recruit/GI_Read/45296661?Oem_Code=C1&logpath=1&stext=python&listno=454
㈜옵트에이아이,/Recruit/GI_Read/45296614?Oem_Code=C1&logpath=1&stext=python&listno=455
㈜옵트에이아이,/Recruit/GI_Read/45296380?Oem_Code=C1&logpath=1&stext=python&listno=456
㈜옵트에이아이,/Recruit/GI_Read/45296362?Oem_Code=C1&logpath=1&stext=python&listno=457
고레로보틱스㈜,/Recruit/GI_Read/45296037?Oem_Code=C1&logpath=1&stext=python&listno=458
㈜바이오에이아이,/Recruit/GI_Read/45295753?Oem_Code=C1&logpath=1&stext=python&listno=459
글로벌소프트웨어캠퍼스㈜,/Recruit/GI_Read/45295937?Oem_Code=C1&logpath=1&stext=python&listno=460
㈜에이프로코리아,/Recruit/GI_Read/45295706?Oem_Code=C1&logpath=1&stext=python&listno=461
㈜뮤텍코리아,/Recruit/GI_Read/45295813?Oem_Code=C1&logpath=1&stext=python&listno=462
에코트로닉스㈜,/Recruit/GI_Read/45295792?Oem_Code=C1&logpath=1&stext=python&listno=463
"㈜아이겐드럭(AIgenDrug Co.,Ltd.)",/Recruit/GI_Read/45295714?Oem_Code=C1&logpath=1&stext=python&listno=464
㈜파이엇 (PIOT Inc),/Recruit/GI_Read/45295391?Oem_Code=C1&logpath=1&stext=python&listno=465
서현회계법인,/Recruit/GI_Read/45291373?Oem_Code=C1&logpath=1&stext=python&listno=466
새라아이씨티㈜,/Recruit/GI_Read/45291372?Oem_Code=C1&logpath=1&stext=python&listno=467
㈜에이전트소프트,/Recruit/GI_Read/45290212?Oem_Code=C1&logpath=1&stext=python&listno=468
㈜모니터랩,/Recruit/GI_Read/45289708?Oem_Code=C1&logpath=1&stext=python&listno=469
토피아정보기술㈜,/Recruit/GI_Read/45288900?Oem_Code=C1&logpath=1&stext=python&listno=470
한국데이타시스템,/Recruit/GI_Read/45288147?Oem_Code=C1&logpath=1&stext=python&listno=471
㈜딥인사이트,/Recruit/GI_Read/45287861?Oem_Code=C1&logpath=1&stext=python&listno=472
㈜벡터시스,/Recruit/GI_Read/45287857?Oem_Code=C1&logpath=1&stext=python&listno=473
㈜지필로스,/Recruit/GI_Read/45287850?Oem_Code=C1&logpath=1&stext=python&listno=474
㈜비전스페이스,/Recruit/GI_Read/45287234?Oem_Code=C1&logpath=1&stext=python&listno=475
㈜이빗,/Recruit/GI_Read/45266172?Oem_Code=C1&logpath=1&stext=python&listno=476
㈜비플스,/Recruit/GI_Read/45286672?Oem_Code=C1&logpath=1&stext=python&listno=477
강북삼성병원,/Recruit/GI_Read/45286588?Oem_Code=C1&logpath=1&stext=python&listno=478
㈜트라이얼인포매틱스,/Recruit/GI_Read/45286135?Oem_Code=C1&logpath=1&stext=python&listno=479
키네마스터 주식회사,/Recruit/GI_Read/45285653?Oem_Code=C1&logpath=1&stext=python&listno=480
㈜씨에스리,/Recruit/GI_Read/45285660?Oem_Code=C1&logpath=1&stext=python&listno=481
㈜코그콤,/Recruit/GI_Read/45284970?Oem_Code=C1&logpath=1&stext=python&listno=482
㈜위존 강남사업장,/Recruit/GI_Read/45284451?Oem_Code=C1&logpath=1&stext=python&listno=483
㈜위존 강남사업장,/Recruit/GI_Read/45284398?Oem_Code=C1&logpath=1&stext=python&listno=484
㈜위존 강남사업장,/Recruit/GI_Read/45284364?Oem_Code=C1&logpath=1&stext=python&listno=485
㈜솔로몬텍,/Recruit/GI_Read/45284179?Oem_Code=C1&logpath=1&stext=python&listno=486
㈜제이제이앤컴퍼니스,/Recruit/GI_Read/45284222?Oem_Code=C1&logpath=1&stext=python&listno=487
㈜제이제이앤컴퍼니스,/Recruit/GI_Read/45284127?Oem_Code=C1&logpath=1&stext=python&listno=488
㈜한국정보공작소,/Recruit/GI_Read/45283721?Oem_Code=C1&logpath=1&stext=python&listno=489
㈜리파인,/Recruit/GI_Read/45281677?Oem_Code=C1&logpath=1&stext=python&listno=490
㈜클루커스 부산캠퍼스,/Recruit/GI_Read/45283198?Oem_Code=C1&logpath=1&stext=python&listno=491
㈜커넥티스,/Recruit/GI_Read/45282046?Oem_Code=C1&logpath=1&stext=python&listno=492
프레스티지바이오로직스㈜,/Recruit/GI_Read/45282988?Oem_Code=C1&logpath=1&stext=python&listno=493
페이크아이즈,/Recruit/GI_Read/45282961?Oem_Code=C1&logpath=1&stext=python&listno=494
위노보스,/Recruit/GI_Read/45269366?Oem_Code=C1&logpath=1&stext=python&listno=495
주식회사 텐핑거스,/Recruit/GI_Read/45282127?Oem_Code=C1&logpath=1&stext=python&listno=496
㈜티맥스알지,/Recruit/GI_Read/45281610?Oem_Code=C1&logpath=1&stext=python&listno=497
토르드라이브,/Recruit/GI_Read/45280784?Oem_Code=C1&logpath=1&stext=python&listno=498
㈜펫닥,/Recruit/GI_Read/45279468?Oem_Code=C1&logpath=1&stext=python&listno=499
엘티포,/Recruit/GI_Read/45280825?Oem_Code=C1&logpath=1&stext=python&listno=500
