,기업명,채용공고링크,기업정보링크
0,GS네오텍㈜,/Recruit/GI_Read/45249456?Oem_Code=C1&logpath=1&stext=python&listno=1,/Company/1729980/?C_IDX=533
1,에스케이티엔에스,/Recruit/GI_Read/45239177?Oem_Code=C1&logpath=1&stext=python&listno=2,/Company/16152304/?C_IDX=7334
2,㈜아이엠뱅크,/Recruit/GI_Read/45286148?Oem_Code=C1&logpath=1&stext=python&listno=3,/Company/1605852/?C_IDX=109
3,휴먼교육센터,/Recruit/GI_Read/45341120?Oem_Code=C1&logpath=1&stext=python&listno=4,/Recruit/Co_Read/C/24993048?Oem_Code=C1
4,㈜하이미디어아카데미,/Recruit/GI_Read/45349095?Oem_Code=C1&logpath=1&stext=python&listno=5,/Recruit/Co_Read/C/41569190?Oem_Code=C1
5,㈜에임메드,/Recruit/GI_Read/45342224?Oem_Code=C1&logpath=1&stext=python&listno=6,/Company/1439082/?C_IDX=4078
6,이컴라인,/Recruit/GI_Read/45334555?Oem_Code=C1&logpath=1&stext=python&listno=7,/Company/1415574/?C_IDX=2276
7,㈜이컴라인,/Recruit/GI_Read/45334519?Oem_Code=C1&logpath=1&stext=python&listno=8,/Company/1415574/?C_IDX=2276
8,이컴라인,/Recruit/GI_Read/45289030?Oem_Code=C1&logpath=1&stext=python&listno=9,/Company/1415574/?C_IDX=2276
9,㈜넥슨,/Recruit/GI_Read/44924699?Oem_Code=C1&logpath=1&stext=python&listno=10,/Company/1882711/?C_IDX=1599
10,㈜링크제니시스,/Recruit/GI_Read/45344404?Oem_Code=C1&logpath=1&stext=python&listno=11,/Recruit/Co_Read/C/29065?Oem_Code=C1
11,㈜링크제니시스,/Recruit/GI_Read/45315663?Oem_Code=C1&logpath=1&stext=python&listno=12,/Recruit/Co_Read/C/29065?Oem_Code=C1
12,㈜넥슨,/Recruit/GI_Read/45294084?Oem_Code=C1&logpath=1&stext=python&listno=13,/Company/1882711/?C_IDX=1599
13,㈜이글루코퍼레이션,/Recruit/GI_Read/45250402?Oem_Code=C1&logpath=1&stext=python&listno=14,/Company/1447356/?C_IDX=4213
14,㈜이글루코퍼레이션,/Recruit/GI_Read/45244155?Oem_Code=C1&logpath=1&stext=python&listno=15,/Company/1447356/?C_IDX=4213
15,펜타시스템테크놀러지㈜,/Recruit/GI_Read/45242396?Oem_Code=C1&logpath=1&stext=python&listno=16,/Company/1398657/?C_IDX=3812
16,㈜넥슨,/Recruit/GI_Read/45237369?Oem_Code=C1&logpath=1&stext=python&listno=17,/Company/1882711/?C_IDX=1599
17,한국직업전문학교,/Recruit/GI_Read/45103667?Oem_Code=C1&logpath=1&stext=python&listno=18,/Recruit/Co_Read/C/9730?Oem_Code=C1
18,㈜아이티사람들,/Recruit/GI_Read/45347220?Oem_Code=C1&logpath=1&stext=python&listno=19,/Recruit/Co_Read/C/38833?Oem_Code=C1
19,마스코리아㈜,/Recruit/GI_Read/45335102?Oem_Code=C1&logpath=1&stext=python&listno=20,/Recruit/Co_Read/C/27688408?Oem_Code=C1
20,㈜엔시스템,/Recruit/GI_Read/45294466?Oem_Code=C1&logpath=1&stext=python&listno=21,/Recruit/Co_Read/C/19663?Oem_Code=C1
21,C&C; KOREA,/Recruit/GI_Read/45288620?Oem_Code=C1&logpath=1&stext=python&listno=22,/Recruit/Co_Read/C/356988?Oem_Code=C1
22,㈜애드크림,/Recruit/GI_Read/45278448?Oem_Code=C1&logpath=1&stext=python&listno=23,/Recruit/Co_Read/C/147549?Oem_Code=C1
23,㈜한국미용데이터,/Recruit/GI_Read/45163714?Oem_Code=C1&logpath=1&stext=python&listno=24,/Recruit/Co_Read/C/13723738?Oem_Code=C1
24,마스코리아㈜,/Recruit/GI_Read/44927505?Oem_Code=C1&logpath=1&stext=python&listno=25,/Recruit/Co_Read/C/27688408?Oem_Code=C1
25,위쉬정보기술㈜,/Recruit/GI_Read/45357627?Oem_Code=C1&logpath=1&stext=python&listno=26,/Recruit/Co_Read/C/25470?Oem_Code=C1
26,㈜유니포유,/Recruit/GI_Read/45356398?Oem_Code=C1&logpath=1&stext=python&listno=27,/Recruit/Co_Read/C/35268701?Oem_Code=C1
27,㈜뷰브레인헬스케어,/Recruit/GI_Read/45349625?Oem_Code=C1&logpath=1&stext=python&listno=28,/Recruit/Co_Read/C/41882947?Oem_Code=C1
28,인텍솔루션㈜,/Recruit/GI_Read/45348670?Oem_Code=C1&logpath=1&stext=python&listno=29,/Recruit/Co_Read/C/4078?Oem_Code=C1
29,㈜에스메이트,/Recruit/GI_Read/45344480?Oem_Code=C1&logpath=1&stext=python&listno=30,/Recruit/Co_Read/C/67922?Oem_Code=C1
30,㈜에스메이트,/Recruit/GI_Read/45344172?Oem_Code=C1&logpath=1&stext=python&listno=31,/Recruit/Co_Read/C/12984380?Oem_Code=C1
31,㈜퀀텀데이터,/Recruit/GI_Read/45343776?Oem_Code=C1&logpath=1&stext=python&listno=32,/Recruit/Co_Read/C/41861921?Oem_Code=C1
32,㈜필그림소프트,/Recruit/GI_Read/45343428?Oem_Code=C1&logpath=1&stext=python&listno=33,/Recruit/Co_Read/C/27524251?Oem_Code=C1
33,크로스체크,/Recruit/GI_Read/45343098?Oem_Code=C1&logpath=1&stext=python&listno=34,/Recruit/Co_Read/C/40837198?Oem_Code=C1
34,㈜케이씨엠에스,/Recruit/GI_Read/45341837?Oem_Code=C1&logpath=1&stext=python&listno=35,/Recruit/Co_Read/C/1027630?Oem_Code=C1
35,마크클라우드,/Recruit/GI_Read/45340505?Oem_Code=C1&logpath=1&stext=python&listno=36,/Recruit/Co_Read/C/38343240?Oem_Code=C1
36,㈜아이알에스소프트코리아,/Recruit/GI_Read/45340186?Oem_Code=C1&logpath=1&stext=python&listno=37,/Recruit/Co_Read/C/127507?Oem_Code=C1
37,㈜제이투이,/Recruit/GI_Read/45337036?Oem_Code=C1&logpath=1&stext=python&listno=38,/Recruit/Co_Read/C/23533921?Oem_Code=C1
38,㈜유클리드소프트,/Recruit/GI_Read/45332942?Oem_Code=C1&logpath=1&stext=python&listno=39,/Recruit/Co_Read/C/17801715?Oem_Code=C1
39,더조은컴퓨터학원,/Recruit/GI_Read/45324601?Oem_Code=C1&logpath=1&stext=python&listno=40,/Recruit/Co_Read/C/18514032?Oem_Code=C1
40,이그레브,/Recruit/GI_Read/45323646?Oem_Code=C1&logpath=1&stext=python&listno=41,/Recruit/Co_Read/C/31835817?Oem_Code=C1
41,누리꿈소프트㈜,/Recruit/GI_Read/45322989?Oem_Code=C1&logpath=1&stext=python&listno=42,/Recruit/Co_Read/C/1047?Oem_Code=C1
42,㈜티엔블루,/Recruit/GI_Read/45321600?Oem_Code=C1&logpath=1&stext=python&listno=43,/Recruit/Co_Read/C/13491740?Oem_Code=C1
43,마이스터정보기술㈜,/Recruit/GI_Read/45320601?Oem_Code=C1&logpath=1&stext=python&listno=44,/Recruit/Co_Read/C/22018?Oem_Code=C1
44,㈜심네트,/Recruit/GI_Read/45318967?Oem_Code=C1&logpath=1&stext=python&listno=45,/Recruit/Co_Read/C/21103?Oem_Code=C1
45,이투스에듀㈜,/Recruit/GI_Read/45317686?Oem_Code=C1&logpath=1&stext=python&listno=46,/Recruit/Co_Read/C/41785620?Oem_Code=C1
46,㈜레노소프트,/Recruit/GI_Read/45312043?Oem_Code=C1&logpath=1&stext=python&listno=47,/Recruit/Co_Read/C/17192017?Oem_Code=C1
47,㈜에이치앤엘시스템,/Recruit/GI_Read/45310080?Oem_Code=C1&logpath=1&stext=python&listno=48,/Recruit/Co_Read/C/68814?Oem_Code=C1
48,토피아정보기술㈜,/Recruit/GI_Read/45288844?Oem_Code=C1&logpath=1&stext=python&listno=49,/Recruit/Co_Read/C/17125241?Oem_Code=C1
49,토피아정보기술㈜,/Recruit/GI_Read/45288901?Oem_Code=C1&logpath=1&stext=python&listno=50,/Recruit/Co_Read/C/17125241?Oem_Code=C1
50,㈜이빗,/Recruit/GI_Read/45266152?Oem_Code=C1&logpath=1&stext=python&listno=51,/Recruit/Co_Read/C/43619052?Oem_Code=C1
51,블록스퀘어서울,/Recruit/GI_Read/45282161?Oem_Code=C1&logpath=1&stext=python&listno=52,/Recruit/Co_Read/C/37589625?Oem_Code=C1
52,㈜뮤즈블라썸,/Recruit/GI_Read/45276446?Oem_Code=C1&logpath=1&stext=python&listno=53,/Recruit/Co_Read/C/36699620?Oem_Code=C1
53,㈜라인시스템,/Recruit/GI_Read/45273633?Oem_Code=C1&logpath=1&stext=python&listno=54,/Recruit/Co_Read/C/17230181?Oem_Code=C1
54,㈜큐브베리,/Recruit/GI_Read/45272772?Oem_Code=C1&logpath=1&stext=python&listno=55,/Recruit/Co_Read/C/41867528?Oem_Code=C1
55,㈜케파스,/Recruit/GI_Read/45270111?Oem_Code=C1&logpath=1&stext=python&listno=56,/Recruit/Co_Read/C/13175174?Oem_Code=C1
56,㈜에이든랩,/Recruit/GI_Read/45265798?Oem_Code=C1&logpath=1&stext=python&listno=57,/Recruit/Co_Read/C/33159864?Oem_Code=C1
57,㈜엑스오비스,/Recruit/GI_Read/45255418?Oem_Code=C1&logpath=1&stext=python&listno=58,/Recruit/Co_Read/C/9218?Oem_Code=C1
58,올거나이즈코리아㈜,/Recruit/GI_Read/45254175?Oem_Code=C1&logpath=1&stext=python&listno=59,/Recruit/Co_Read/C/29431043?Oem_Code=C1
59,애드인소프트,/Recruit/GI_Read/45248871?Oem_Code=C1&logpath=1&stext=python&listno=60,/Recruit/Co_Read/C/41710621?Oem_Code=C1
60,㈜세종교육,/Recruit/GI_Read/45247671?Oem_Code=C1&logpath=1&stext=python&listno=61,/Recruit/Co_Read/C/189368?Oem_Code=C1
61,㈜리팅랩스,/Recruit/GI_Read/45246453?Oem_Code=C1&logpath=1&stext=python&listno=62,/Recruit/Co_Read/C/29901630?Oem_Code=C1
62,행복쇼핑 주식회사,/Recruit/GI_Read/45241330?Oem_Code=C1&logpath=1&stext=python&listno=63,/Recruit/Co_Read/C/21858255?Oem_Code=C1
63,㈜도스모랩,/Recruit/GI_Read/45237470?Oem_Code=C1&logpath=1&stext=python&listno=64,/Recruit/Co_Read/C/38703369?Oem_Code=C1
64,㈜마인드에이아이,/Recruit/GI_Read/45237428?Oem_Code=C1&logpath=1&stext=python&listno=65,/Recruit/Co_Read/C/25979467?Oem_Code=C1
65,블록스퀘어서울,/Recruit/GI_Read/45234308?Oem_Code=C1&logpath=1&stext=python&listno=66,/Recruit/Co_Read/C/37589625?Oem_Code=C1
66,충북대학교병원,/Recruit/GI_Read/45227366?Oem_Code=C1&logpath=1&stext=python&listno=67,/Recruit/Co_Read/C/40530599?Oem_Code=C1
67,유한회사 에이오엑스코리아,/Recruit/GI_Read/45227234?Oem_Code=C1&logpath=1&stext=python&listno=68,/Recruit/Co_Read/C/43825678?Oem_Code=C1
68,㈜씨에스엠17(CSM17),/Recruit/GI_Read/45223599?Oem_Code=C1&logpath=1&stext=python&listno=69,/Recruit/Co_Read/C/30295733?Oem_Code=C1
69,(주)글로벌아카데미,/Recruit/GI_Read/45220552?Oem_Code=C1&logpath=1&stext=python&listno=70,/Recruit/Co_Read/C/36957344?Oem_Code=C1
70,㈜모아데이타,/Recruit/GI_Read/45216559?Oem_Code=C1&logpath=1&stext=python&listno=71,/Recruit/Co_Read/C/38059509?Oem_Code=C1
71,㈜위존 강남사업장,/Recruit/GI_Read/45214195?Oem_Code=C1&logpath=1&stext=python&listno=72,/Recruit/Co_Read/C/14767?Oem_Code=C1
72,㈜미니레코드,/Recruit/GI_Read/45206205?Oem_Code=C1&logpath=1&stext=python&listno=73,/Recruit/Co_Read/C/19777347?Oem_Code=C1
73,㈜아이니네트웍스,/Recruit/GI_Read/45204631?Oem_Code=C1&logpath=1&stext=python&listno=74,/Recruit/Co_Read/C/16617250?Oem_Code=C1
74,씨앤에프시스템㈜,/Recruit/GI_Read/45204240?Oem_Code=C1&logpath=1&stext=python&listno=75,/Recruit/Co_Read/C/34014?Oem_Code=C1
75,메타빌드㈜,/Recruit/GI_Read/45194880?Oem_Code=C1&logpath=1&stext=python&listno=76,/Recruit/Co_Read/C/20198?Oem_Code=C1
76,노마드코더,/Recruit/GI_Read/45191995?Oem_Code=C1&logpath=1&stext=python&listno=77,/Recruit/Co_Read/C/37255502?Oem_Code=C1
77,㈜에이프로코리아,/Recruit/GI_Read/45186485?Oem_Code=C1&logpath=1&stext=python&listno=78,/Recruit/Co_Read/C/30327208?Oem_Code=C1
78,㈜조인아이티,/Recruit/GI_Read/45178141?Oem_Code=C1&logpath=1&stext=python&listno=79,/Recruit/Co_Read/C/38487707?Oem_Code=C1
79,㈜지에스아이오토모티브,/Recruit/GI_Read/45174678?Oem_Code=C1&logpath=1&stext=python&listno=80,/Recruit/Co_Read/C/35724715?Oem_Code=C1
80,놀이의발견,/Recruit/GI_Read/45165341?Oem_Code=C1&logpath=1&stext=python&listno=81,/Recruit/Co_Read/C/31367742?Oem_Code=C1
81,㈜위키드스톰,/Recruit/GI_Read/45159283?Oem_Code=C1&logpath=1&stext=python&listno=82,/Recruit/Co_Read/C/34698797?Oem_Code=C1
82,퍼솔켈리코리아 유한회사,/Recruit/GI_Read/45154182?Oem_Code=C1&logpath=1&stext=python&listno=83,/Recruit/Co_Read/C/26594125?Oem_Code=C1
83,㈜인스펙터,/Recruit/GI_Read/45142955?Oem_Code=C1&logpath=1&stext=python&listno=84,/Recruit/Co_Read/C/37900754?Oem_Code=C1
84,지엔소프트㈜,/Recruit/GI_Read/45133650?Oem_Code=C1&logpath=1&stext=python&listno=85,/Recruit/Co_Read/C/391931?Oem_Code=C1
85,㈜씨브로드,/Recruit/GI_Read/45133094?Oem_Code=C1&logpath=1&stext=python&listno=86,/Recruit/Co_Read/C/342995?Oem_Code=C1
86,㈜씨에스리,/Recruit/GI_Read/45126307?Oem_Code=C1&logpath=1&stext=python&listno=87,/Recruit/Co_Read/C/33775099?Oem_Code=C1
87,㈜아이알에스소프트코리아,/Recruit/GI_Read/45111855?Oem_Code=C1&logpath=1&stext=python&listno=88,/Recruit/Co_Read/C/127507?Oem_Code=C1
88,PENTAIN,/Recruit/GI_Read/45095745?Oem_Code=C1&logpath=1&stext=python&listno=89,/Recruit/Co_Read/C/16833771?Oem_Code=C1
89,㈜에이젠글로벌,/Recruit/GI_Read/45065811?Oem_Code=C1&logpath=1&stext=python&listno=90,/Recruit/Co_Read/C/19495903?Oem_Code=C1
90,㈜와이엠엑스,/Recruit/GI_Read/44995135?Oem_Code=C1&logpath=1&stext=python&listno=91,/Recruit/Co_Read/C/24641889?Oem_Code=C1
91,㈜디지키,/Recruit/GI_Read/44965786?Oem_Code=C1&logpath=1&stext=python&listno=92,/Recruit/Co_Read/C/27379140?Oem_Code=C1
92,릴랩㈜,/Recruit/GI_Read/45349028?Oem_Code=C1&logpath=1&stext=python&listno=93,/Recruit/Co_Read/C/38998189?Oem_Code=C1
93,㈜페어립에듀,/Recruit/GI_Read/45348267?Oem_Code=C1&logpath=1&stext=python&listno=94,/Recruit/Co_Read/C/34733213?Oem_Code=C1
94,양정인력개발센터,/Recruit/GI_Read/45347398?Oem_Code=C1&logpath=1&stext=python&listno=95,/Recruit/Co_Read/C/303446?Oem_Code=C1
95,㈜케이엘피,/Recruit/GI_Read/45346871?Oem_Code=C1&logpath=1&stext=python&listno=96,/Recruit/Co_Read/C/28162840?Oem_Code=C1
96,㈜케이엘피,/Recruit/GI_Read/45346835?Oem_Code=C1&logpath=1&stext=python&listno=97,/Recruit/Co_Read/C/28162840?Oem_Code=C1
97,(it)개발자클라우드(ai)인공지능빅데이터국비지원학원,/Recruit/GI_Read/45323838?Oem_Code=C1&logpath=1&stext=python&listno=98,/Recruit/Co_Read/C/37186785?Oem_Code=C1
98,㈜퍼브,/Recruit/GI_Read/45339334?Oem_Code=C1&logpath=1&stext=python&listno=99,/Recruit/Co_Read/C/15840412?Oem_Code=C1
99,씨아이랩스,/Recruit/GI_Read/45330750?Oem_Code=C1&logpath=1&stext=python&listno=100,/Recruit/Co_Read/C/37939639?Oem_Code=C1
100,㈜지산인공지능,/Recruit/GI_Read/45318973?Oem_Code=C1&logpath=1&stext=python&listno=101,/Recruit/Co_Read/C/44689913?Oem_Code=C1
101,㈜씨에스엠17(CSM17),/Recruit/GI_Read/45303973?Oem_Code=C1&logpath=1&stext=python&listno=102,/Recruit/Co_Read/C/30295733?Oem_Code=C1
102,㈜3S 소프트,/Recruit/GI_Read/45194345?Oem_Code=C1&logpath=1&stext=python&listno=103,/Recruit/Co_Read/C/12594?Oem_Code=C1
103,㈜자이온아이티에스,/Recruit/GI_Read/45053650?Oem_Code=C1&logpath=1&stext=python&listno=104,/Recruit/Co_Read/C/35969961?Oem_Code=C1
104,엔테크서비스 주식회사,/Recruit/GI_Read/45296077?Oem_Code=C1&logpath=1&stext=python&listno=105,/Company/1373854/?C_IDX=2196
105,㈜고영테크놀러지,/Recruit/GI_Read/45337679?Oem_Code=C1&logpath=1&stext=python&listno=106,/Company/1774734/?C_IDX=5350
106,㈜아이센스,/Recruit/GI_Read/45269672?Oem_Code=C1&logpath=1&stext=python&listno=107,/Company/1766917/?C_IDX=3353
107,로지스올그룹,/Recruit/GI_Read/45261808?Oem_Code=C1&logpath=1&stext=python&listno=108,/Company/1648570/?C_IDX=5768
108,㈜단비교육,/Recruit/GI_Read/45254576?Oem_Code=C1&logpath=1&stext=python&listno=109,/Company/47874382/?C_IDX=9882
109,㈜모트렉스,/Recruit/GI_Read/45335317?Oem_Code=C1&logpath=1&stext=python&listno=110,/Recruit/Co_Read/C/31222?Oem_Code=C1
110,동양생명보험㈜,/Recruit/GI_Read/45311209?Oem_Code=C1&logpath=1&stext=python&listno=111,/Company/1530828/?C_IDX=108
111,"㈜숲(SOOP CO., LTD.)",/Recruit/GI_Read/45332897?Oem_Code=C1&logpath=1&stext=python&listno=112,/Company/1528345/?C_IDX=2414
112,"㈜숲(SOOP CO., LTD.)",/Recruit/GI_Read/45332888?Oem_Code=C1&logpath=1&stext=python&listno=113,/Company/1528345/?C_IDX=2414
113,㈜ 호디,/Recruit/GI_Read/45327826?Oem_Code=C1&logpath=1&stext=python&listno=114,/Company/1926473/?C_IDX=4524
114,㈜아이엠비디엑스,/Recruit/GI_Read/45312947?Oem_Code=C1&logpath=1&stext=python&listno=115,/Recruit/Co_Read/C/27043651?Oem_Code=C1
115,펜타시스템테크놀러지㈜,/Recruit/GI_Read/45298968?Oem_Code=C1&logpath=1&stext=python&listno=116,/Company/1398657/?C_IDX=3812
116,카페24㈜,/Recruit/GI_Read/45236572?Oem_Code=C1&logpath=1&stext=python&listno=117,/Company/1822530/?C_IDX=2172
117,카페24㈜,/Recruit/GI_Read/45236264?Oem_Code=C1&logpath=1&stext=python&listno=118,/Company/1822530/?C_IDX=2172
118,카페24㈜,/Recruit/GI_Read/45235740?Oem_Code=C1&logpath=1&stext=python&listno=119,/Company/1822530/?C_IDX=2172
119,펜타시스템테크놀러지㈜,/Recruit/GI_Read/45218617?Oem_Code=C1&logpath=1&stext=python&listno=120,/Company/1398657/?C_IDX=3812
120,이너버스,/Recruit/GI_Read/45346353?Oem_Code=C1&logpath=1&stext=python&listno=121,/Company/1801561/?C_IDX=3384
121,㈜닷,/Recruit/GI_Read/45343532?Oem_Code=C1&logpath=1&stext=python&listno=122,/Recruit/Co_Read/C/18584793?Oem_Code=C1
122,㈜이엠넷,/Recruit/GI_Read/45312680?Oem_Code=C1&logpath=1&stext=python&listno=123,/Company/1741975/?C_IDX=3387
123,환인제약,/Recruit/GI_Read/45341349?Oem_Code=C1&logpath=1&stext=python&listno=124,/Company/1808058/?C_IDX=1112
124,환인제약,/Recruit/GI_Read/45341145?Oem_Code=C1&logpath=1&stext=python&listno=125,/Company/1808058/?C_IDX=1112
125,카카오뱅크,/Recruit/GI_Read/45338020?Oem_Code=C1&logpath=1&stext=python&listno=126,/Company/1415215/?C_IDX=6243
126,엘지이노텍,/Recruit/GI_Read/45336018?Oem_Code=C1&logpath=1&stext=python&listno=127,/Company/1458432/?C_IDX=139
127,엘지이노텍,/Recruit/GI_Read/45335993?Oem_Code=C1&logpath=1&stext=python&listno=128,/Company/1458432/?C_IDX=139
128,㈜플래티어,/Recruit/GI_Read/45332025?Oem_Code=C1&logpath=1&stext=python&listno=129,/Company/46661113/?C_IDX=9418
129,㈜플래티어,/Recruit/GI_Read/45331923?Oem_Code=C1&logpath=1&stext=python&listno=130,/Company/46661113/?C_IDX=9418
130,티맵모빌리티㈜,/Recruit/GI_Read/45334473?Oem_Code=C1&logpath=1&stext=python&listno=131,/Company/48061523/?C_IDX=9553
131,㈜넥슨,/Recruit/GI_Read/45330817?Oem_Code=C1&logpath=1&stext=python&listno=132,/Company/1882711/?C_IDX=1599
132,㈜넥슨,/Recruit/GI_Read/45330196?Oem_Code=C1&logpath=1&stext=python&listno=133,/Company/1882711/?C_IDX=1599
133,㈜에코마케팅,/Recruit/GI_Read/45307198?Oem_Code=C1&logpath=1&stext=python&listno=134,/Company/16151923/?C_IDX=6952
134,오픈갤러리,/Recruit/GI_Read/45318417?Oem_Code=C1&logpath=1&stext=python&listno=135,/Company/1941107/?C_IDX=5869
135,동국시스템즈㈜,/Recruit/GI_Read/45325535?Oem_Code=C1&logpath=1&stext=python&listno=136,/Company/1516079/?C_IDX=4970
136,㈜넥슨,/Recruit/GI_Read/45324277?Oem_Code=C1&logpath=1&stext=python&listno=137,/Company/1882711/?C_IDX=1599
137,신한투자증권,/Recruit/GI_Read/45322919?Oem_Code=C1&logpath=1&stext=python&listno=138,/Company/1659942/?C_IDX=155
138,신한투자증권,/Recruit/GI_Read/45322909?Oem_Code=C1&logpath=1&stext=python&listno=139,/Company/1659942/?C_IDX=155
139,㈜한화,/Recruit/GI_Read/45322665?Oem_Code=C1&logpath=1&stext=python&listno=140,/Company/1555654/?C_IDX=63
140,신한투자증권,/Recruit/GI_Read/45322334?Oem_Code=C1&logpath=1&stext=python&listno=141,/Company/1659942/?C_IDX=155
141,디어유,/Recruit/GI_Read/45319002?Oem_Code=C1&logpath=1&stext=python&listno=142,/Company/16153087/?C_IDX=8132
142,디어유,/Recruit/GI_Read/45318989?Oem_Code=C1&logpath=1&stext=python&listno=143,/Company/16153087/?C_IDX=8132
143,㈜카카오엔터테인먼트,/Recruit/GI_Read/45319290?Oem_Code=C1&logpath=1&stext=python&listno=144,/Company/16152744/?C_IDX=7779
144,㈜카카오엔터테인먼트,/Recruit/GI_Read/45319274?Oem_Code=C1&logpath=1&stext=python&listno=145,/Company/16152744/?C_IDX=7779
145,㈜에코마케팅,/Recruit/GI_Read/45313902?Oem_Code=C1&logpath=1&stext=python&listno=146,/Company/16151923/?C_IDX=6952
146,㈜커넥트웨이브,/Recruit/GI_Read/45310355?Oem_Code=C1&logpath=1&stext=python&listno=147,/Company/1915672/?C_IDX=3362
147,㈜엔미디어플랫폼,/Recruit/GI_Read/45316090?Oem_Code=C1&logpath=1&stext=python&listno=148,/Recruit/Co_Read/C/81530?Oem_Code=C1
148,모본㈜,/Recruit/GI_Read/45315014?Oem_Code=C1&logpath=1&stext=python&listno=149,/Company/1507705/?C_IDX=5081
149,㈜넥슨,/Recruit/GI_Read/45314635?Oem_Code=C1&logpath=1&stext=python&listno=150,/Company/1882711/?C_IDX=1599
150,LX세미콘,/Recruit/GI_Read/45313797?Oem_Code=C1&logpath=1&stext=python&listno=151,/Company/1786569/?C_IDX=1636
151,베스핀글로벌㈜,/Recruit/GI_Read/45311994?Oem_Code=C1&logpath=1&stext=python&listno=152,/Company/16151809/?C_IDX=6833
152,㈜씨티케이,/Recruit/GI_Read/45310544?Oem_Code=C1&logpath=1&stext=python&listno=153,/Recruit/Co_Read/C/128402?Oem_Code=C1
153,쎄트렉아이,/Recruit/GI_Read/45309955?Oem_Code=C1&logpath=1&stext=python&listno=154,/Company/1455465/?C_IDX=3606
154,카카오뱅크,/Recruit/GI_Read/45305737?Oem_Code=C1&logpath=1&stext=python&listno=155,/Company/1415215/?C_IDX=6243
155,카카오뱅크,/Recruit/GI_Read/45305539?Oem_Code=C1&logpath=1&stext=python&listno=156,/Company/1415215/?C_IDX=6243
156,카카오뱅크,/Recruit/GI_Read/45305123?Oem_Code=C1&logpath=1&stext=python&listno=157,/Company/1415215/?C_IDX=6243
157,㈜케이티클라우드,/Recruit/GI_Read/45304255?Oem_Code=C1&logpath=1&stext=python&listno=158,/Company/48845736/?C_IDX=9805
158,㈜케이티클라우드,/Recruit/GI_Read/45304186?Oem_Code=C1&logpath=1&stext=python&listno=159,/Company/48845736/?C_IDX=9805
159,이타스코리아㈜,/Recruit/GI_Read/45302104?Oem_Code=C1&logpath=1&stext=python&listno=160,/Recruit/Co_Read/C/13483539?Oem_Code=C1
160,㈜벡터코리아 (Vector Korea),/Recruit/GI_Read/45301049?Oem_Code=C1&logpath=1&stext=python&listno=161,/Company/1415259/?C_IDX=2161
161,코웨이㈜,/Recruit/GI_Read/45299603?Oem_Code=C1&logpath=1&stext=python&listno=162,/Company/1601608/?C_IDX=192
162,코웨이㈜,/Recruit/GI_Read/45299586?Oem_Code=C1&logpath=1&stext=python&listno=163,/Company/1601608/?C_IDX=192
163,코웨이㈜,/Recruit/GI_Read/45299243?Oem_Code=C1&logpath=1&stext=python&listno=164,/Company/1601608/?C_IDX=192
164,㈜스마일게이트홀딩스,/Recruit/GI_Read/45297477?Oem_Code=C1&logpath=1&stext=python&listno=165,/Company/16152306/?C_IDX=7336
165,㈜다날,/Recruit/GI_Read/45295499?Oem_Code=C1&logpath=1&stext=python&listno=166,/Company/1732932/?C_IDX=2130
166,11번가㈜,/Recruit/GI_Read/45295988?Oem_Code=C1&logpath=1&stext=python&listno=167,/Company/16152671/?C_IDX=7706
167,㈜넥슨,/Recruit/GI_Read/45294098?Oem_Code=C1&logpath=1&stext=python&listno=168,/Company/1882711/?C_IDX=1599
168,㈜넥슨,/Recruit/GI_Read/45294072?Oem_Code=C1&logpath=1&stext=python&listno=169,/Company/1882711/?C_IDX=1599
169,㈜넥슨,/Recruit/GI_Read/45294069?Oem_Code=C1&logpath=1&stext=python&listno=170,/Company/1882711/?C_IDX=1599
170,삼성전자㈜,/Recruit/GI_Read/45293736?Oem_Code=C1&logpath=1&stext=python&listno=171,/Company/1696583/?C_IDX=1
171,엘지전자㈜,/Recruit/GI_Read/45292361?Oem_Code=C1&logpath=1&stext=python&listno=172,/Company/1385349/?C_IDX=8
172,㈜퍼플아카데미,/Recruit/GI_Read/45292256?Oem_Code=C1&logpath=1&stext=python&listno=173,/Company/16154126/?C_IDX=8708
173,㈜퍼플아카데미,/Recruit/GI_Read/45290483?Oem_Code=C1&logpath=1&stext=python&listno=174,/Company/16154126/?C_IDX=8708
174,㈜한국능률협회컨설팅,/Recruit/GI_Read/45289682?Oem_Code=C1&logpath=1&stext=python&listno=175,/Recruit/Co_Read/C/66540?Oem_Code=C1
175,㈜한국능률협회컨설팅,/Recruit/GI_Read/45289650?Oem_Code=C1&logpath=1&stext=python&listno=176,/Recruit/Co_Read/C/66540?Oem_Code=C1
176,네이버랩스,/Recruit/GI_Read/45289772?Oem_Code=C1&logpath=1&stext=python&listno=177,/Company/16154299/?C_IDX=8881
177,㈜이스트소프트,/Recruit/GI_Read/45287321?Oem_Code=C1&logpath=1&stext=python&listno=178,/Company/1784225/?C_IDX=1481
178,에이에스엠엘코리아㈜,/Recruit/GI_Read/45287226?Oem_Code=C1&logpath=1&stext=python&listno=179,/Company/1612091/?C_IDX=3905
179,한화컨버전스㈜,/Recruit/GI_Read/45285885?Oem_Code=C1&logpath=1&stext=python&listno=180,/Company/16151969/?C_IDX=6998
180,SK텔레콤,/Recruit/GI_Read/45284253?Oem_Code=C1&logpath=1&stext=python&listno=181,/Company/1619214/?C_IDX=28
181,칼자이스,/Recruit/GI_Read/45282483?Oem_Code=C1&logpath=1&stext=python&listno=182,/Company/1673870/?C_IDX=2080
182,아이헤이트플라잉버그스㈜,/Recruit/GI_Read/45268923?Oem_Code=C1&logpath=1&stext=python&listno=183,/Company/46638474/?C_IDX=10038
183,㈜에이피알,/Recruit/GI_Read/45273166?Oem_Code=C1&logpath=1&stext=python&listno=184,/Company/16151633/?C_IDX=6646
184,㈜마크로젠,/Recruit/GI_Read/45272066?Oem_Code=C1&logpath=1&stext=python&listno=185,/Company/1607976/?C_IDX=3793
185,㈜에프앤가이드,/Recruit/GI_Read/45270446?Oem_Code=C1&logpath=1&stext=python&listno=186,/Recruit/Co_Read/C/357159?Oem_Code=C1
186,㈜에프앤가이드,/Recruit/GI_Read/45270438?Oem_Code=C1&logpath=1&stext=python&listno=187,/Recruit/Co_Read/C/357159?Oem_Code=C1
187,카카오뱅크,/Recruit/GI_Read/45268722?Oem_Code=C1&logpath=1&stext=python&listno=188,/Company/1415215/?C_IDX=6243
188,존슨앤드존슨,/Recruit/GI_Read/45267780?Oem_Code=C1&logpath=1&stext=python&listno=189,/Company/1605233/?C_IDX=5841
189,㈜케이디엑스한국데이터거래소,/Recruit/GI_Read/45264679?Oem_Code=C1&logpath=1&stext=python&listno=190,/Company/16154106/?C_IDX=8688
190,㈜비아이매트릭스,/Recruit/GI_Read/45263642?Oem_Code=C1&logpath=1&stext=python&listno=191,/Company/16152461/?C_IDX=7493
191,㈜비아이매트릭스,/Recruit/GI_Read/45263631?Oem_Code=C1&logpath=1&stext=python&listno=192,/Company/16152461/?C_IDX=7493
192,코맥스,/Recruit/GI_Read/45263265?Oem_Code=C1&logpath=1&stext=python&listno=193,/Company/1434503/?C_IDX=4661
193,코맥스,/Recruit/GI_Read/45263220?Oem_Code=C1&logpath=1&stext=python&listno=194,/Company/1434503/?C_IDX=4661
194,에스케이실트론,/Recruit/GI_Read/45263053?Oem_Code=C1&logpath=1&stext=python&listno=195,/Company/1659278/?C_IDX=1619
195,㈜앤씨앤,/Recruit/GI_Read/45237512?Oem_Code=C1&logpath=1&stext=python&listno=196,/Company/1488299/?C_IDX=6006
196,카페24㈜,/Recruit/GI_Read/45257441?Oem_Code=C1&logpath=1&stext=python&listno=197,/Company/1822530/?C_IDX=2172
197,카카오게임즈,/Recruit/GI_Read/45256539?Oem_Code=C1&logpath=1&stext=python&listno=198,/Company/16152370/?C_IDX=7400
198,㈜웅진,/Recruit/GI_Read/45254797?Oem_Code=C1&logpath=1&stext=python&listno=199,/Company/1650385/?C_IDX=733
199,㈜웅진,/Recruit/GI_Read/45254747?Oem_Code=C1&logpath=1&stext=python&listno=200,/Company/1650385/?C_IDX=733
200,㈜텔레칩스,/Recruit/GI_Read/45252828?Oem_Code=C1&logpath=1&stext=python&listno=201,/Company/1869200/?C_IDX=5960
201,피엠인터내셔널코리아(유),/Recruit/GI_Read/45251310?Oem_Code=C1&logpath=1&stext=python&listno=202,/Company/43622893/?C_IDX=10144
202,현대오토에버㈜,/Recruit/GI_Read/45251239?Oem_Code=C1&logpath=1&stext=python&listno=203,/Company/1676262/?C_IDX=1611
203,(주)엠포스,/Recruit/GI_Read/45251514?Oem_Code=C1&logpath=1&stext=python&listno=204,/Company/1573964/?C_IDX=5920
204,㈜엑스와이지,/Recruit/GI_Read/45248444?Oem_Code=C1&logpath=1&stext=python&listno=205,/Company/45115829/?C_IDX=10063
205,㈜휴넷,/Recruit/GI_Read/45245199?Oem_Code=C1&logpath=1&stext=python&listno=206,/Company/1622281/?C_IDX=2268
206,㈜이글루코퍼레이션,/Recruit/GI_Read/45244152?Oem_Code=C1&logpath=1&stext=python&listno=207,/Company/1447356/?C_IDX=4213
207,베스핀글로벌㈜,/Recruit/GI_Read/45237178?Oem_Code=C1&logpath=1&stext=python&listno=208,/Company/16151809/?C_IDX=6833
208,㈜판도라티비,/Recruit/GI_Read/45230909?Oem_Code=C1&logpath=1&stext=python&listno=209,/Recruit/Co_Read/C/29226?Oem_Code=C1
209,신한DS,/Recruit/GI_Read/45232139?Oem_Code=C1&logpath=1&stext=python&listno=210,/Company/1858887/?C_IDX=5090
210,㈜넥슨,/Recruit/GI_Read/45231901?Oem_Code=C1&logpath=1&stext=python&listno=211,/Company/1882711/?C_IDX=1599
211,한미반도체㈜,/Recruit/GI_Read/45223513?Oem_Code=C1&logpath=1&stext=python&listno=212,/Company/1921635/?C_IDX=1057
212,㈜클라우드네트웍스,/Recruit/GI_Read/45221182?Oem_Code=C1&logpath=1&stext=python&listno=213,/Company/44383883/?C_IDX=9407
213,㈜카카오엔터프라이즈,/Recruit/GI_Read/45218471?Oem_Code=C1&logpath=1&stext=python&listno=214,/Company/16154004/?C_IDX=8586
214,㈜와드,/Recruit/GI_Read/45216417?Oem_Code=C1&logpath=1&stext=python&listno=215,/Company/42875787/?C_IDX=10021
215,㈜티사이언티픽,/Recruit/GI_Read/45216436?Oem_Code=C1&logpath=1&stext=python&listno=216,/Company/1432968/?C_IDX=2127
216,㈜티맥스티베로,/Recruit/GI_Read/45208523?Oem_Code=C1&logpath=1&stext=python&listno=217,/Company/43569373/?C_IDX=9905
217,㈜셀바스에이아이,/Recruit/GI_Read/45198776?Oem_Code=C1&logpath=1&stext=python&listno=218,/Company/1893462/?C_IDX=1935
218,㈜미니게이트,/Recruit/GI_Read/45197763?Oem_Code=C1&logpath=1&stext=python&listno=219,/Company/1923590/?C_IDX=3238
219,디어유,/Recruit/GI_Read/45196993?Oem_Code=C1&logpath=1&stext=python&listno=220,/Company/16153087/?C_IDX=8132
220,써모피셔사이언티픽 코리아,/Recruit/GI_Read/45196594?Oem_Code=C1&logpath=1&stext=python&listno=221,/Recruit/Co_Read/C/22668491?Oem_Code=C1
221,㈜텔레칩스,/Recruit/GI_Read/45190599?Oem_Code=C1&logpath=1&stext=python&listno=222,/Company/1869200/?C_IDX=5960
222,㈜네오플,/Recruit/GI_Read/45185091?Oem_Code=C1&logpath=1&stext=python&listno=223,/Company/1713050/?C_IDX=1019
223,㈜네오플,/Recruit/GI_Read/45185080?Oem_Code=C1&logpath=1&stext=python&listno=224,/Company/1713050/?C_IDX=1019
224,메가존클라우드㈜,/Recruit/GI_Read/45184824?Oem_Code=C1&logpath=1&stext=python&listno=225,/Company/16154621/?C_IDX=9203
225,㈜넥슨,/Recruit/GI_Read/45184452?Oem_Code=C1&logpath=1&stext=python&listno=226,/Company/1882711/?C_IDX=1599
226,㈜넥슨,/Recruit/GI_Read/45176131?Oem_Code=C1&logpath=1&stext=python&listno=227,/Company/1882711/?C_IDX=1599
227,㈜라인플러스,/Recruit/GI_Read/45174268?Oem_Code=C1&logpath=1&stext=python&listno=228,/Company/1435513/?C_IDX=5514
228,㈜아나패스,/Recruit/GI_Read/45165615?Oem_Code=C1&logpath=1&stext=python&listno=229,/Company/1360178/?C_IDX=1432
229,㈜벡터코리아 (Vector Korea),/Recruit/GI_Read/45162689?Oem_Code=C1&logpath=1&stext=python&listno=230,/Company/1415259/?C_IDX=2161
230,㈜벡터코리아 (Vector Korea),/Recruit/GI_Read/45162687?Oem_Code=C1&logpath=1&stext=python&listno=231,/Company/1415259/?C_IDX=2161
231,㈜벡터코리아 (Vector Korea),/Recruit/GI_Read/45162683?Oem_Code=C1&logpath=1&stext=python&listno=232,/Company/1415259/?C_IDX=2161
232,㈜데이타솔루션,/Recruit/GI_Read/45163187?Oem_Code=C1&logpath=1&stext=python&listno=233,/Recruit/Co_Read/C/13304321?Oem_Code=C1
233,크림(주),/Recruit/GI_Read/45161128?Oem_Code=C1&logpath=1&stext=python&listno=234,/Company/48064965/?C_IDX=9511
234,크림(주),/Recruit/GI_Read/45160986?Oem_Code=C1&logpath=1&stext=python&listno=235,/Company/48064965/?C_IDX=9511
235,㈜투윈스컴,/Recruit/GI_Read/45157279?Oem_Code=C1&logpath=1&stext=python&listno=236,/Company/1878907/?C_IDX=4420
236,두나무,/Recruit/GI_Read/45156093?Oem_Code=C1&logpath=1&stext=python&listno=237,/Company/44304413/?C_IDX=9871
237,두나무,/Recruit/GI_Read/45154642?Oem_Code=C1&logpath=1&stext=python&listno=238,/Company/44304413/?C_IDX=9871
238,현대오토에버㈜,/Recruit/GI_Read/45148683?Oem_Code=C1&logpath=1&stext=python&listno=239,/Company/1676262/?C_IDX=1611
239,두산로보틱스,/Recruit/GI_Read/45148474?Oem_Code=C1&logpath=1&stext=python&listno=240,/Company/16151359/?C_IDX=6370
240,두산로보틱스,/Recruit/GI_Read/45148336?Oem_Code=C1&logpath=1&stext=python&listno=241,/Company/16151359/?C_IDX=6370
241,㈜네오바이오텍,/Recruit/GI_Read/45140228?Oem_Code=C1&logpath=1&stext=python&listno=242,/Company/1764766/?C_IDX=5982
242,현대건설,/Recruit/GI_Read/45142773?Oem_Code=C1&logpath=1&stext=python&listno=243,/Company/1673505/?C_IDX=40
243,11번가㈜,/Recruit/GI_Read/45142562?Oem_Code=C1&logpath=1&stext=python&listno=244,/Company/16152671/?C_IDX=7706
244,㈜와이비에스,/Recruit/GI_Read/45142454?Oem_Code=C1&logpath=1&stext=python&listno=245,/Company/33759434/?C_IDX=9291
245,㈜벡터코리아 (Vector Korea),/Recruit/GI_Read/45124501?Oem_Code=C1&logpath=1&stext=python&listno=246,/Company/1415259/?C_IDX=2161
246,메가존클라우드㈜,/Recruit/GI_Read/45123293?Oem_Code=C1&logpath=1&stext=python&listno=247,/Company/16154621/?C_IDX=9203
247,㈜벡터코리아 (Vector Korea),/Recruit/GI_Read/45124453?Oem_Code=C1&logpath=1&stext=python&listno=248,/Company/1415259/?C_IDX=2161
248,㈜벡터코리아 (Vector Korea),/Recruit/GI_Read/45124404?Oem_Code=C1&logpath=1&stext=python&listno=249,/Company/1415259/?C_IDX=2161
249,㈜한화,/Recruit/GI_Read/45124299?Oem_Code=C1&logpath=1&stext=python&listno=250,/Company/1555654/?C_IDX=63
250,㈜넥슨,/Recruit/GI_Read/45116047?Oem_Code=C1&logpath=1&stext=python&listno=251,/Company/1882711/?C_IDX=1599
251,㈜넥슨,/Recruit/GI_Read/45109632?Oem_Code=C1&logpath=1&stext=python&listno=252,/Company/1882711/?C_IDX=1599
252,㈜넥슨,/Recruit/GI_Read/45080520?Oem_Code=C1&logpath=1&stext=python&listno=253,/Company/1882711/?C_IDX=1599
253,㈜엑스와이지,/Recruit/GI_Read/45068235?Oem_Code=C1&logpath=1&stext=python&listno=254,/Company/45115829/?C_IDX=10063
254,크림(주),/Recruit/GI_Read/45063000?Oem_Code=C1&logpath=1&stext=python&listno=255,/Company/48064965/?C_IDX=9511
255,㈜가비아,/Recruit/GI_Read/45043852?Oem_Code=C1&logpath=1&stext=python&listno=256,/Company/1773753/?C_IDX=1454
256,㈜가비아,/Recruit/GI_Read/45062233?Oem_Code=C1&logpath=1&stext=python&listno=257,/Company/1773753/?C_IDX=1454
257,슈어소프트테크㈜,/Recruit/GI_Read/45056073?Oem_Code=C1&logpath=1&stext=python&listno=258,/Company/1793161/?C_IDX=6075
258,슈어소프트테크㈜,/Recruit/GI_Read/45056047?Oem_Code=C1&logpath=1&stext=python&listno=259,/Company/1793161/?C_IDX=6075
259,㈜뤼이드,/Recruit/GI_Read/45055186?Oem_Code=C1&logpath=1&stext=python&listno=260,/Company/16151768/?C_IDX=6785
260,㈜마음에이아이,/Recruit/GI_Read/45054151?Oem_Code=C1&logpath=1&stext=python&listno=261,/Recruit/Co_Read/C/19463557?Oem_Code=C1
261,딜로이트컨설팅,/Recruit/GI_Read/45039073?Oem_Code=C1&logpath=1&stext=python&listno=262,/Company/1562558/?C_IDX=5525
262,㈜넥슨,/Recruit/GI_Read/45030222?Oem_Code=C1&logpath=1&stext=python&listno=263,/Company/1882711/?C_IDX=1599
263,㈜피알앤디컴퍼니,/Recruit/GI_Read/45017242?Oem_Code=C1&logpath=1&stext=python&listno=264,/Company/44657040/?C_IDX=10224
264,㈜에이피알,/Recruit/GI_Read/45020495?Oem_Code=C1&logpath=1&stext=python&listno=265,/Company/16151633/?C_IDX=6646
265,㈜엑셈,/Recruit/GI_Read/45017533?Oem_Code=C1&logpath=1&stext=python&listno=266,/Company/16153857/?C_IDX=5851
266,제주은행,/Recruit/GI_Read/45016137?Oem_Code=C1&logpath=1&stext=python&listno=267,/Company/1607754/?C_IDX=5314
267,제주은행,/Recruit/GI_Read/45016112?Oem_Code=C1&logpath=1&stext=python&listno=268,/Company/1607754/?C_IDX=5314
268,제주은행,/Recruit/GI_Read/45016029?Oem_Code=C1&logpath=1&stext=python&listno=269,/Company/1607754/?C_IDX=5314
269,㈜가비아,/Recruit/GI_Read/45013639?Oem_Code=C1&logpath=1&stext=python&listno=270,/Company/1773753/?C_IDX=1454
270,㈜엠로,/Recruit/GI_Read/45012214?Oem_Code=C1&logpath=1&stext=python&listno=271,/Company/16153914/?C_IDX=6110
271,중고나라,/Recruit/GI_Read/45007508?Oem_Code=C1&logpath=1&stext=python&listno=272,/Company/16151545/?C_IDX=6558
272,빗썸코리아,/Recruit/GI_Read/44992830?Oem_Code=C1&logpath=1&stext=python&listno=273,/Company/16153019/?C_IDX=8062
273,㈜넥슨,/Recruit/GI_Read/44989227?Oem_Code=C1&logpath=1&stext=python&listno=274,/Company/1882711/?C_IDX=1599
274,한국타이어앤테크놀로지,/Recruit/GI_Read/44980998?Oem_Code=C1&logpath=1&stext=python&listno=275,/Company/1747282/?C_IDX=112
275,한국타이어앤테크놀로지,/Recruit/GI_Read/44980964?Oem_Code=C1&logpath=1&stext=python&listno=276,/Company/1747282/?C_IDX=112
276,한국타이어앤테크놀로지,/Recruit/GI_Read/44980956?Oem_Code=C1&logpath=1&stext=python&listno=277,/Company/1747282/?C_IDX=112
277,한국타이어앤테크놀로지,/Recruit/GI_Read/44980952?Oem_Code=C1&logpath=1&stext=python&listno=278,/Company/1747282/?C_IDX=112
278,한국타이어앤테크놀로지,/Recruit/GI_Read/44980918?Oem_Code=C1&logpath=1&stext=python&listno=279,/Company/1747282/?C_IDX=112
279,한국타이어앤테크놀로지,/Recruit/GI_Read/44980877?Oem_Code=C1&logpath=1&stext=python&listno=280,/Company/1747282/?C_IDX=112
280,한국생산기술연구원,/Recruit/GI_Read/44974073?Oem_Code=C1&logpath=1&stext=python&listno=281,/Company/1544107/?C_IDX=1509
281,㈜미디어로그,/Recruit/GI_Read/44956031?Oem_Code=C1&logpath=1&stext=python&listno=282,/Company/1399059/?C_IDX=2240
282,엔에이치엔㈜,/Recruit/GI_Read/44951252?Oem_Code=C1&logpath=1&stext=python&listno=283,/Company/1546668/?C_IDX=5330
283,㈜넥슨,/Recruit/GI_Read/44924650?Oem_Code=C1&logpath=1&stext=python&listno=284,/Company/1882711/?C_IDX=1599
284,㈜넥슨,/Recruit/GI_Read/44924643?Oem_Code=C1&logpath=1&stext=python&listno=285,/Company/1882711/?C_IDX=1599
285,㈜넥슨,/Recruit/GI_Read/44924634?Oem_Code=C1&logpath=1&stext=python&listno=286,/Company/1882711/?C_IDX=1599
286,한화엔진,/Recruit/GI_Read/44905343?Oem_Code=C1&logpath=1&stext=python&listno=287,/Company/1638117/?C_IDX=165
287,어플라이드 머티어리얼즈 코리아,/Recruit/GI_Read/45325504?Oem_Code=C1&logpath=1&stext=python&listno=288,/Company/1925815/?C_IDX=3983
288,㈜대웅제약,/Recruit/GI_Read/45319908?Oem_Code=C1&logpath=1&stext=python&listno=289,/Company/1571753/?C_IDX=438
289,에스케이쉴더스㈜,/Recruit/GI_Read/45290341?Oem_Code=C1&logpath=1&stext=python&listno=290,/Company/1406776/?C_IDX=2882
290,슈어소프트테크㈜,/Recruit/GI_Read/45289230?Oem_Code=C1&logpath=1&stext=python&listno=291,/Company/1793161/?C_IDX=6075
291,㈜비즈테크아이,/Recruit/GI_Read/45284805?Oem_Code=C1&logpath=1&stext=python&listno=292,/Company/1979146/?C_IDX=3011
292,㈜아이유노글로벌,/Recruit/GI_Read/45271242?Oem_Code=C1&logpath=1&stext=python&listno=293,/Recruit/Co_Read/C/34782028?Oem_Code=C1
293,㈜비즈테크아이,/Recruit/GI_Read/45261200?Oem_Code=C1&logpath=1&stext=python&listno=294,/Company/1979146/?C_IDX=3011
294,에스케이쉴더스㈜,/Recruit/GI_Read/45259743?Oem_Code=C1&logpath=1&stext=python&listno=295,/Company/1406776/?C_IDX=2882
295,㈜웅진,/Recruit/GI_Read/45233831?Oem_Code=C1&logpath=1&stext=python&listno=296,/Company/1650385/?C_IDX=733
296,㈜유베이스,/Recruit/GI_Read/45220495?Oem_Code=C1&logpath=1&stext=python&listno=297,/Company/1799730/?C_IDX=3380
297,㈜태성에스엔이,/Recruit/GI_Read/45188682?Oem_Code=C1&logpath=1&stext=python&listno=298,/Company/1452789/?C_IDX=4402
298,㈜메조미디어,/Recruit/GI_Read/45164922?Oem_Code=C1&logpath=1&stext=python&listno=299,/Company/1892424/?C_IDX=5174
299,㈜천재교과서,/Recruit/GI_Read/45158178?Oem_Code=C1&logpath=1&stext=python&listno=300,/Company/42501818/?C_IDX=9873
300,㈜케이엑스넥스지,/Recruit/GI_Read/45163134?Oem_Code=C1&logpath=1&stext=python&listno=301,/Company/1585719/?C_IDX=5665
301,㈜플래티어,/Recruit/GI_Read/45154585?Oem_Code=C1&logpath=1&stext=python&listno=302,/Company/46661113/?C_IDX=9418
302,㈜컴투스,/Recruit/GI_Read/45142395?Oem_Code=C1&logpath=1&stext=python&listno=303,/Company/1547724/?C_IDX=3166
303,㈜컴투스,/Recruit/GI_Read/45118603?Oem_Code=C1&logpath=1&stext=python&listno=304,/Company/1547724/?C_IDX=3166
304,㈜텔레칩스,/Recruit/GI_Read/45093268?Oem_Code=C1&logpath=1&stext=python&listno=305,/Company/1869200/?C_IDX=5960
305,㈜웹젠,/Recruit/GI_Read/45066438?Oem_Code=C1&logpath=1&stext=python&listno=306,/Company/1798146/?C_IDX=1865
306,㈜웹젠,/Recruit/GI_Read/45066401?Oem_Code=C1&logpath=1&stext=python&listno=307,/Company/1798146/?C_IDX=1865
307,NICE페이먼츠㈜,/Recruit/GI_Read/45051048?Oem_Code=C1&logpath=1&stext=python&listno=308,/Recruit/Co_Read/C/18867652?Oem_Code=C1
308,㈜플래티어,/Recruit/GI_Read/45049342?Oem_Code=C1&logpath=1&stext=python&listno=309,/Company/46661113/?C_IDX=9418
309,㈜컴투스,/Recruit/GI_Read/45039425?Oem_Code=C1&logpath=1&stext=python&listno=310,/Company/1547724/?C_IDX=3166
310,㈜티와이엠,/Recruit/GI_Read/45029103?Oem_Code=C1&logpath=1&stext=python&listno=311,/Company/1726800/?C_IDX=711
311,㈜커넥트웨이브,/Recruit/GI_Read/45015875?Oem_Code=C1&logpath=1&stext=python&listno=312,/Company/1915672/?C_IDX=3362
312,㈜컴투스,/Recruit/GI_Read/45013706?Oem_Code=C1&logpath=1&stext=python&listno=313,/Company/1547724/?C_IDX=3166
313,㈜컴투스,/Recruit/GI_Read/45013277?Oem_Code=C1&logpath=1&stext=python&listno=314,/Company/1547724/?C_IDX=3166
314,㈜비바리퍼블리카,/Recruit/GI_Read/44957574?Oem_Code=C1&logpath=1&stext=python&listno=315,/Company/16154461/?C_IDX=9043
315,㈜비바리퍼블리카,/Recruit/GI_Read/44957555?Oem_Code=C1&logpath=1&stext=python&listno=316,/Company/16154461/?C_IDX=9043
316,㈜비바리퍼블리카,/Recruit/GI_Read/44957426?Oem_Code=C1&logpath=1&stext=python&listno=317,/Company/16154461/?C_IDX=9043
317,㈜아이에이엠,/Recruit/GI_Read/45341834?Oem_Code=C1&logpath=1&stext=python&listno=318,/Recruit/Co_Read/C/32965029?Oem_Code=C1
318,㈜엔시스템,/Recruit/GI_Read/45322118?Oem_Code=C1&logpath=1&stext=python&listno=319,/Recruit/Co_Read/C/19663?Oem_Code=C1
319,㈜파이오링크,/Recruit/GI_Read/45315373?Oem_Code=C1&logpath=1&stext=python&listno=320,/Recruit/Co_Read/C/216036?Oem_Code=C1
320,㈜더원,/Recruit/GI_Read/45313956?Oem_Code=C1&logpath=1&stext=python&listno=321,/Recruit/Co_Read/C/16958851?Oem_Code=C1
321,㈜온품,/Recruit/GI_Read/45268451?Oem_Code=C1&logpath=1&stext=python&listno=322,/Recruit/Co_Read/C/20203870?Oem_Code=C1
322,㈜제로믹스,/Recruit/GI_Read/45218811?Oem_Code=C1&logpath=1&stext=python&listno=323,/Recruit/Co_Read/C/44485783?Oem_Code=C1
323,㈜연세교육아카데미,/Recruit/GI_Read/45211851?Oem_Code=C1&logpath=1&stext=python&listno=324,/Recruit/Co_Read/C/10258?Oem_Code=C1
324,㈜연세교육아카데미,/Recruit/GI_Read/45210056?Oem_Code=C1&logpath=1&stext=python&listno=325,/Recruit/Co_Read/C/10258?Oem_Code=C1
325,모빌테크,/Recruit/GI_Read/45204272?Oem_Code=C1&logpath=1&stext=python&listno=326,/Recruit/Co_Read/C/21588579?Oem_Code=C1
326,알피니언메디칼시스템㈜,/Recruit/GI_Read/45126507?Oem_Code=C1&logpath=1&stext=python&listno=327,/Recruit/Co_Read/C/41923785?Oem_Code=C1
327,㈜포니링크,/Recruit/GI_Read/45102048?Oem_Code=C1&logpath=1&stext=python&listno=328,/Recruit/Co_Read/C/6414?Oem_Code=C1
328,㈜디스페이스코리아,/Recruit/GI_Read/45045448?Oem_Code=C1&logpath=1&stext=python&listno=329,/Recruit/Co_Read/C/35876127?Oem_Code=C1
329,코싸인온㈜,/Recruit/GI_Read/45015273?Oem_Code=C1&logpath=1&stext=python&listno=330,/Recruit/Co_Read/C/30623752?Oem_Code=C1
330,㈜스피링크,/Recruit/GI_Read/44979993?Oem_Code=C1&logpath=1&stext=python&listno=331,/Recruit/Co_Read/C/17135096?Oem_Code=C1
331,㈜아이넷캅,/Recruit/GI_Read/44976263?Oem_Code=C1&logpath=1&stext=python&listno=332,/Recruit/Co_Read/C/42084?Oem_Code=C1
332,㈜미라클핀테크,/Recruit/GI_Read/45092099?Oem_Code=C1&logpath=1&stext=python&listno=333,/Recruit/Co_Read/C/37371383?Oem_Code=C1
333,㈜유비씨,/Recruit/GI_Read/45351904?Oem_Code=C1&logpath=1&stext=python&listno=334,/Recruit/Co_Read/C/181937?Oem_Code=C1
334,소프트웨어재난연구센터,/Recruit/GI_Read/45344967?Oem_Code=C1&logpath=1&stext=python&listno=335,/Recruit/Co_Read/C/37765462?Oem_Code=C1
335,노드소프트㈜,/Recruit/GI_Read/45349723?Oem_Code=C1&logpath=1&stext=python&listno=336,/Recruit/Co_Read/C/13216552?Oem_Code=C1
336,㈜디랩,/Recruit/GI_Read/45349424?Oem_Code=C1&logpath=1&stext=python&listno=337,/Recruit/Co_Read/C/26787220?Oem_Code=C1
337,대아티아이㈜,/Recruit/GI_Read/45348657?Oem_Code=C1&logpath=1&stext=python&listno=338,/Recruit/Co_Read/C/112477?Oem_Code=C1
338,엑소시스템즈,/Recruit/GI_Read/45348347?Oem_Code=C1&logpath=1&stext=python&listno=339,/Recruit/Co_Read/C/28489939?Oem_Code=C1
339,넛지헬스케어㈜,/Recruit/GI_Read/45346927?Oem_Code=C1&logpath=1&stext=python&listno=340,/Recruit/Co_Read/C/21368538?Oem_Code=C1
340,"㈜씨제스스튜디오(C Jes Studios Co., Ltd.)",/Recruit/GI_Read/45347125?Oem_Code=C1&logpath=1&stext=python&listno=341,/Recruit/Co_Read/C/28412023?Oem_Code=C1
341,㈜에프에스솔루션,/Recruit/GI_Read/45346893?Oem_Code=C1&logpath=1&stext=python&listno=342,/Recruit/Co_Read/C/30407431?Oem_Code=C1
342,㈜파이버프로,/Recruit/GI_Read/45345964?Oem_Code=C1&logpath=1&stext=python&listno=343,/Recruit/Co_Read/C/324083?Oem_Code=C1
343,㈜딥노이드,/Recruit/GI_Read/45346246?Oem_Code=C1&logpath=1&stext=python&listno=344,/Recruit/Co_Read/C/42115?Oem_Code=C1
344,㈜제이메라크,/Recruit/GI_Read/45346056?Oem_Code=C1&logpath=1&stext=python&listno=345,/Recruit/Co_Read/C/22562081?Oem_Code=C1
345,㈜압구정코딩컨설팅,/Recruit/GI_Read/45345969?Oem_Code=C1&logpath=1&stext=python&listno=346,/Recruit/Co_Read/C/44502499?Oem_Code=C1
346,코아시아넥셀,/Recruit/GI_Read/45345868?Oem_Code=C1&logpath=1&stext=python&listno=347,/Recruit/Co_Read/C/21869788?Oem_Code=C1
347,스펙터,/Recruit/GI_Read/45342748?Oem_Code=C1&logpath=1&stext=python&listno=348,/Recruit/Co_Read/C/33678645?Oem_Code=C1
348,㈜자몽랩(JAMONGLAB I,/Recruit/GI_Read/45344949?Oem_Code=C1&logpath=1&stext=python&listno=349,/Recruit/Co_Read/C/44578911?Oem_Code=C1
349,㈜클라이원트,/Recruit/GI_Read/45341375?Oem_Code=C1&logpath=1&stext=python&listno=350,/Recruit/Co_Read/C/42410635?Oem_Code=C1
350,㈜클라이원트,/Recruit/GI_Read/45341361?Oem_Code=C1&logpath=1&stext=python&listno=351,/Recruit/Co_Read/C/42410635?Oem_Code=C1
351,㈜베스티아소프트,/Recruit/GI_Read/45344726?Oem_Code=C1&logpath=1&stext=python&listno=352,/Recruit/Co_Read/C/17622587?Oem_Code=C1
352,㈜씨피식스,/Recruit/GI_Read/45343445?Oem_Code=C1&logpath=1&stext=python&listno=353,/Recruit/Co_Read/C/40966260?Oem_Code=C1
353,㈜에이비일팔공,/Recruit/GI_Read/45343351?Oem_Code=C1&logpath=1&stext=python&listno=354,/Recruit/Co_Read/C/23917749?Oem_Code=C1
354,㈜첫눈소프트,/Recruit/GI_Read/45343253?Oem_Code=C1&logpath=1&stext=python&listno=355,/Recruit/Co_Read/C/25849579?Oem_Code=C1
355,법무법인(유한) 이현,/Recruit/GI_Read/45341838?Oem_Code=C1&logpath=1&stext=python&listno=356,/Recruit/Co_Read/C/20241665?Oem_Code=C1
356,주식회사 맨파워코리아,/Recruit/GI_Read/45341001?Oem_Code=C1&logpath=1&stext=python&listno=357,/Recruit/Co_Read/C/12848879?Oem_Code=C1
357,㈜브릭,/Recruit/GI_Read/45340647?Oem_Code=C1&logpath=1&stext=python&listno=358,/Recruit/Co_Read/C/22272840?Oem_Code=C1
358,라이트비전㈜,/Recruit/GI_Read/45339661?Oem_Code=C1&logpath=1&stext=python&listno=359,/Recruit/Co_Read/C/31727801?Oem_Code=C1
359,㈜지엘티코리아,/Recruit/GI_Read/45339659?Oem_Code=C1&logpath=1&stext=python&listno=360,/Recruit/Co_Read/C/30165258?Oem_Code=C1
360,㈜지엘티코리아,/Recruit/GI_Read/45339576?Oem_Code=C1&logpath=1&stext=python&listno=361,/Recruit/Co_Read/C/30165258?Oem_Code=C1
361,씨나몬,/Recruit/GI_Read/45338592?Oem_Code=C1&logpath=1&stext=python&listno=362,/Recruit/Co_Read/C/40355941?Oem_Code=C1
362,㈜퓨런티어,/Recruit/GI_Read/45337512?Oem_Code=C1&logpath=1&stext=python&listno=363,/Recruit/Co_Read/C/506759?Oem_Code=C1
363,㈜오이솔루션,/Recruit/GI_Read/45337242?Oem_Code=C1&logpath=1&stext=python&listno=364,/Recruit/Co_Read/C/44139430?Oem_Code=C1
364,㈜제이투이,/Recruit/GI_Read/45336939?Oem_Code=C1&logpath=1&stext=python&listno=365,/Recruit/Co_Read/C/98114?Oem_Code=C1
365,㈜앰진,/Recruit/GI_Read/45336792?Oem_Code=C1&logpath=1&stext=python&listno=366,/Recruit/Co_Read/C/12636550?Oem_Code=C1
366,링크플로우㈜,/Recruit/GI_Read/45335945?Oem_Code=C1&logpath=1&stext=python&listno=367,/Recruit/Co_Read/C/22668434?Oem_Code=C1
367,지케이코리아,/Recruit/GI_Read/45335881?Oem_Code=C1&logpath=1&stext=python&listno=368,/Recruit/Co_Read/C/40987562?Oem_Code=C1
368,텔레픽스,/Recruit/GI_Read/45334900?Oem_Code=C1&logpath=1&stext=python&listno=369,/Recruit/Co_Read/C/40364679?Oem_Code=C1
369,텔레픽스,/Recruit/GI_Read/45334881?Oem_Code=C1&logpath=1&stext=python&listno=370,/Recruit/Co_Read/C/40364679?Oem_Code=C1
370,텔레픽스,/Recruit/GI_Read/45334832?Oem_Code=C1&logpath=1&stext=python&listno=371,/Recruit/Co_Read/C/40364679?Oem_Code=C1
371,푸드팡㈜,/Recruit/GI_Read/45333437?Oem_Code=C1&logpath=1&stext=python&listno=372,/Recruit/Co_Read/C/26120557?Oem_Code=C1
372,㈜성운컴네트,/Recruit/GI_Read/45334414?Oem_Code=C1&logpath=1&stext=python&listno=373,/Recruit/Co_Read/C/255523?Oem_Code=C1
373,㈜오아시스비즈니스,/Recruit/GI_Read/45334266?Oem_Code=C1&logpath=1&stext=python&listno=374,/Recruit/Co_Read/C/31075270?Oem_Code=C1
374,시너지에이아이㈜,/Recruit/GI_Read/45333369?Oem_Code=C1&logpath=1&stext=python&listno=375,/Recruit/Co_Read/C/42399972?Oem_Code=C1
375,㈜줄탁동시소프트,/Recruit/GI_Read/45332718?Oem_Code=C1&logpath=1&stext=python&listno=376,/Recruit/Co_Read/C/40293714?Oem_Code=C1
376,㈜줄탁동시소프트,/Recruit/GI_Read/45332656?Oem_Code=C1&logpath=1&stext=python&listno=377,/Recruit/Co_Read/C/40293714?Oem_Code=C1
377,이롬넷,/Recruit/GI_Read/45331824?Oem_Code=C1&logpath=1&stext=python&listno=378,/Recruit/Co_Read/C/23588451?Oem_Code=C1
378,㈜위비즈테크,/Recruit/GI_Read/45331729?Oem_Code=C1&logpath=1&stext=python&listno=379,/Recruit/Co_Read/C/67999?Oem_Code=C1
379,롯데이노베이트㈜,/Recruit/GI_Read/45331446?Oem_Code=C1&logpath=1&stext=python&listno=380,/Recruit/Co_Read/C/12128504?Oem_Code=C1
380,㈜알티모빌리티,/Recruit/GI_Read/45329545?Oem_Code=C1&logpath=1&stext=python&listno=381,/Recruit/Co_Read/C/38092051?Oem_Code=C1
381,㈜딥노이드,/Recruit/GI_Read/45330438?Oem_Code=C1&logpath=1&stext=python&listno=382,/Recruit/Co_Read/C/42115?Oem_Code=C1
382,㈜코리아아이티아카데미 인천,/Recruit/GI_Read/45329962?Oem_Code=C1&logpath=1&stext=python&listno=383,/Recruit/Co_Read/C/35795285?Oem_Code=C1
383,㈜코리아아이티아카데미 인천,/Recruit/GI_Read/45329955?Oem_Code=C1&logpath=1&stext=python&listno=384,/Recruit/Co_Read/C/35795285?Oem_Code=C1
384,로이드케이,/Recruit/GI_Read/45329836?Oem_Code=C1&logpath=1&stext=python&listno=385,/Recruit/Co_Read/C/35758454?Oem_Code=C1
385,㈜알지티,/Recruit/GI_Read/45329019?Oem_Code=C1&logpath=1&stext=python&listno=386,/Recruit/Co_Read/C/29852291?Oem_Code=C1
386,강남 그린컴퓨터아카데미,/Recruit/GI_Read/45281697?Oem_Code=C1&logpath=1&stext=python&listno=387,/Recruit/Co_Read/C/34856877?Oem_Code=C1
387,엠앤앤에이치㈜,/Recruit/GI_Read/45328043?Oem_Code=C1&logpath=1&stext=python&listno=388,/Recruit/Co_Read/C/25633386?Oem_Code=C1
388,넛지헬스케어㈜,/Recruit/GI_Read/45325038?Oem_Code=C1&logpath=1&stext=python&listno=389,/Recruit/Co_Read/C/21368538?Oem_Code=C1
389,㈜메디치소프트,/Recruit/GI_Read/45324929?Oem_Code=C1&logpath=1&stext=python&listno=390,/Recruit/Co_Read/C/18593641?Oem_Code=C1
390,㈜카카오페이,/Recruit/GI_Read/45324583?Oem_Code=C1&logpath=1&stext=python&listno=391,/Recruit/Co_Read/C/20983109?Oem_Code=C1
391,리드피플㈜,/Recruit/GI_Read/45323713?Oem_Code=C1&logpath=1&stext=python&listno=392,/Recruit/Co_Read/C/13227278?Oem_Code=C1
392,푸드팡㈜,/Recruit/GI_Read/45322110?Oem_Code=C1&logpath=1&stext=python&listno=393,/Recruit/Co_Read/C/26120557?Oem_Code=C1
393,로보케어,/Recruit/GI_Read/45321953?Oem_Code=C1&logpath=1&stext=python&listno=394,/Recruit/Co_Read/C/34510879?Oem_Code=C1
394,로민,/Recruit/GI_Read/45321830?Oem_Code=C1&logpath=1&stext=python&listno=395,/Recruit/Co_Read/C/34673566?Oem_Code=C1
395,㈜안셈,/Recruit/GI_Read/45321818?Oem_Code=C1&logpath=1&stext=python&listno=396,/Recruit/Co_Read/C/54068?Oem_Code=C1
396,㈜모니터랩,/Recruit/GI_Read/45321155?Oem_Code=C1&logpath=1&stext=python&listno=397,/Recruit/Co_Read/C/57728?Oem_Code=C1
397,썬인프라㈜,/Recruit/GI_Read/45320572?Oem_Code=C1&logpath=1&stext=python&listno=398,/Recruit/Co_Read/C/201544?Oem_Code=C1
398,좋은생각,/Recruit/GI_Read/45319219?Oem_Code=C1&logpath=1&stext=python&listno=399,/Recruit/Co_Read/C/239051?Oem_Code=C1
399,㈜잇올,/Recruit/GI_Read/45319769?Oem_Code=C1&logpath=1&stext=python&listno=400,/Recruit/Co_Read/C/34117058?Oem_Code=C1
400,통신대안평가㈜,/Recruit/GI_Read/45318601?Oem_Code=C1&logpath=1&stext=python&listno=401,/Recruit/Co_Read/C/40346000?Oem_Code=C1
401,㈜포체인스,/Recruit/GI_Read/45318888?Oem_Code=C1&logpath=1&stext=python&listno=402,/Recruit/Co_Read/C/37873940?Oem_Code=C1
402,㈜아라종합기술,/Recruit/GI_Read/45318360?Oem_Code=C1&logpath=1&stext=python&listno=403,/Recruit/Co_Read/C/24767947?Oem_Code=C1
403,㈜핍스디멘션,/Recruit/GI_Read/45316365?Oem_Code=C1&logpath=1&stext=python&listno=404,/Recruit/Co_Read/C/44921175?Oem_Code=C1
404,㈜더쇼소프웨어,/Recruit/GI_Read/45315946?Oem_Code=C1&logpath=1&stext=python&listno=405,/Recruit/Co_Read/C/44596809?Oem_Code=C1
405,파인테크소프트㈜(PINETEC,/Recruit/GI_Read/45316065?Oem_Code=C1&logpath=1&stext=python&listno=406,/Recruit/Co_Read/C/38147814?Oem_Code=C1
406,㈜소테리아,/Recruit/GI_Read/45315592?Oem_Code=C1&logpath=1&stext=python&listno=407,/Recruit/Co_Read/C/27809441?Oem_Code=C1
407,㈜엘엑스세미콘,/Recruit/GI_Read/45315455?Oem_Code=C1&logpath=1&stext=python&listno=408,/Recruit/Co_Read/C/37354782?Oem_Code=C1
408,㈜투비소프트,/Recruit/GI_Read/45315419?Oem_Code=C1&logpath=1&stext=python&listno=409,/Recruit/Co_Read/C/41111220?Oem_Code=C1
409,부산대학교 지능물류빅데이터연구소,/Recruit/GI_Read/45315174?Oem_Code=C1&logpath=1&stext=python&listno=410,/Recruit/Co_Read/C/41267784?Oem_Code=C1
410,"웨이브아메리카스(wavve Americas, lnc.)",/Recruit/GI_Read/45315017?Oem_Code=C1&logpath=1&stext=python&listno=411,/Recruit/Co_Read/C/20420729?Oem_Code=C1
411,㈜베스티아소프트,/Recruit/GI_Read/45313590?Oem_Code=C1&logpath=1&stext=python&listno=412,/Recruit/Co_Read/C/17622587?Oem_Code=C1
412,㈜에니아이,/Recruit/GI_Read/45050015?Oem_Code=C1&logpath=1&stext=python&listno=413,/Recruit/Co_Read/C/33442125?Oem_Code=C1
413,㈜ 데이터메이커,/Recruit/GI_Read/45311849?Oem_Code=C1&logpath=1&stext=python&listno=414,/Recruit/Co_Read/C/28216143?Oem_Code=C1
414,㈜ 데이터메이커,/Recruit/GI_Read/45311098?Oem_Code=C1&logpath=1&stext=python&listno=415,/Recruit/Co_Read/C/28216143?Oem_Code=C1
415,㈜ 데이터메이커,/Recruit/GI_Read/45311091?Oem_Code=C1&logpath=1&stext=python&listno=416,/Recruit/Co_Read/C/28216143?Oem_Code=C1
416,㈜공감데이터,/Recruit/GI_Read/45311718?Oem_Code=C1&logpath=1&stext=python&listno=417,/Recruit/Co_Read/C/37455449?Oem_Code=C1
417,하이미디어아카데미,/Recruit/GI_Read/45311344?Oem_Code=C1&logpath=1&stext=python&listno=418,/Recruit/Co_Read/C/29653133?Oem_Code=C1
418,㈜세나테크놀로지,/Recruit/GI_Read/45310539?Oem_Code=C1&logpath=1&stext=python&listno=419,/Recruit/Co_Read/C/113407?Oem_Code=C1
419,㈜비글즈,/Recruit/GI_Read/45310152?Oem_Code=C1&logpath=1&stext=python&listno=420,/Recruit/Co_Read/C/36068635?Oem_Code=C1
420,㈜비글즈,/Recruit/GI_Read/45310146?Oem_Code=C1&logpath=1&stext=python&listno=421,/Recruit/Co_Read/C/36068635?Oem_Code=C1
421,㈜인피닉,/Recruit/GI_Read/45310214?Oem_Code=C1&logpath=1&stext=python&listno=422,/Recruit/Co_Read/C/16020?Oem_Code=C1
422,㈜보스반도체,/Recruit/GI_Read/45308519?Oem_Code=C1&logpath=1&stext=python&listno=423,/Recruit/Co_Read/C/37810972?Oem_Code=C1
423,㈜보스반도체,/Recruit/GI_Read/45308502?Oem_Code=C1&logpath=1&stext=python&listno=424,/Recruit/Co_Read/C/37810972?Oem_Code=C1
424,유비아이넷,/Recruit/GI_Read/45303409?Oem_Code=C1&logpath=1&stext=python&listno=425,/Recruit/Co_Read/C/40919166?Oem_Code=C1
425,유비아이넷,/Recruit/GI_Read/45303291?Oem_Code=C1&logpath=1&stext=python&listno=426,/Recruit/Co_Read/C/40919166?Oem_Code=C1
426,㈜리브스메드,/Recruit/GI_Read/45306099?Oem_Code=C1&logpath=1&stext=python&listno=427,/Recruit/Co_Read/C/43896047?Oem_Code=C1
427,㈜리브스메드,/Recruit/GI_Read/45306062?Oem_Code=C1&logpath=1&stext=python&listno=428,/Recruit/Co_Read/C/43896047?Oem_Code=C1
428,㈜바이오에이아이,/Recruit/GI_Read/45304734?Oem_Code=C1&logpath=1&stext=python&listno=429,/Recruit/Co_Read/C/37821611?Oem_Code=C1
429,㈜피플웍스,/Recruit/GI_Read/45304959?Oem_Code=C1&logpath=1&stext=python&listno=430,/Recruit/Co_Read/C/39395?Oem_Code=C1
430,아콘소프트(주),/Recruit/GI_Read/45304730?Oem_Code=C1&logpath=1&stext=python&listno=431,/Recruit/Co_Read/C/24610949?Oem_Code=C1
431,㈜카이미,/Recruit/GI_Read/45304184?Oem_Code=C1&logpath=1&stext=python&listno=432,/Recruit/Co_Read/C/30906677?Oem_Code=C1
432,㈜파이디지털헬스케어,/Recruit/GI_Read/45304086?Oem_Code=C1&logpath=1&stext=python&listno=433,/Recruit/Co_Read/C/12459327?Oem_Code=C1
433,㈜티로보틱스,/Recruit/GI_Read/45304006?Oem_Code=C1&logpath=1&stext=python&listno=434,/Recruit/Co_Read/C/122119?Oem_Code=C1
434,하만커넥티드서비시즈인크,/Recruit/GI_Read/45303275?Oem_Code=C1&logpath=1&stext=python&listno=435,/Recruit/Co_Read/C/13467662?Oem_Code=C1
435,㈜카카오헬스케어,/Recruit/GI_Read/45303258?Oem_Code=C1&logpath=1&stext=python&listno=436,/Recruit/Co_Read/C/38181842?Oem_Code=C1
436,㈜스트라드비젼,/Recruit/GI_Read/45302555?Oem_Code=C1&logpath=1&stext=python&listno=437,/Recruit/Co_Read/C/17223942?Oem_Code=C1
437,㈜스트라드비젼,/Recruit/GI_Read/45302403?Oem_Code=C1&logpath=1&stext=python&listno=438,/Recruit/Co_Read/C/17223942?Oem_Code=C1
438,에스넷아이씨티㈜,/Recruit/GI_Read/45302297?Oem_Code=C1&logpath=1&stext=python&listno=439,/Recruit/Co_Read/C/20324699?Oem_Code=C1
439,㈜아이드,/Recruit/GI_Read/45300185?Oem_Code=C1&logpath=1&stext=python&listno=440,/Recruit/Co_Read/C/44359031?Oem_Code=C1
440,㈔한국산업지능화협회,/Recruit/GI_Read/45301681?Oem_Code=C1&logpath=1&stext=python&listno=441,/Recruit/Co_Read/C/18047719?Oem_Code=C1
441,㈜리브스메드,/Recruit/GI_Read/45300987?Oem_Code=C1&logpath=1&stext=python&listno=442,/Recruit/Co_Read/C/36963819?Oem_Code=C1
442,㈜리브스메드,/Recruit/GI_Read/45300881?Oem_Code=C1&logpath=1&stext=python&listno=443,/Recruit/Co_Read/C/36963819?Oem_Code=C1
443,비에스지원,/Recruit/GI_Read/45301175?Oem_Code=C1&logpath=1&stext=python&listno=444,/Recruit/Co_Read/C/24718651?Oem_Code=C1
444,㈜메이머스트,/Recruit/GI_Read/45300233?Oem_Code=C1&logpath=1&stext=python&listno=445,/Recruit/Co_Read/C/18677056?Oem_Code=C1
445,㈜에스씨에스,/Recruit/GI_Read/45299090?Oem_Code=C1&logpath=1&stext=python&listno=446,/Recruit/Co_Read/C/39240982?Oem_Code=C1
446,㈜유엑스비즈텍,/Recruit/GI_Read/45293533?Oem_Code=C1&logpath=1&stext=python&listno=447,/Recruit/Co_Read/C/44611871?Oem_Code=C1
447,코빗,/Recruit/GI_Read/45297873?Oem_Code=C1&logpath=1&stext=python&listno=448,/Recruit/Co_Read/C/28145317?Oem_Code=C1
448,㈜버튼스,/Recruit/GI_Read/45297657?Oem_Code=C1&logpath=1&stext=python&listno=449,/Recruit/Co_Read/C/44250560?Oem_Code=C1
449,딥파인,/Recruit/GI_Read/45297581?Oem_Code=C1&logpath=1&stext=python&listno=450,/Recruit/Co_Read/C/29884596?Oem_Code=C1
450,딥파인,/Recruit/GI_Read/45297520?Oem_Code=C1&logpath=1&stext=python&listno=451,/Recruit/Co_Read/C/29884596?Oem_Code=C1
451,㈜옵트에이아이,/Recruit/GI_Read/45296813?Oem_Code=C1&logpath=1&stext=python&listno=452,/Recruit/Co_Read/C/38058130?Oem_Code=C1
452,㈜옵트에이아이,/Recruit/GI_Read/45296751?Oem_Code=C1&logpath=1&stext=python&listno=453,/Recruit/Co_Read/C/38058130?Oem_Code=C1
453,㈜옵트에이아이,/Recruit/GI_Read/45296661?Oem_Code=C1&logpath=1&stext=python&listno=454,/Recruit/Co_Read/C/38058130?Oem_Code=C1
454,㈜옵트에이아이,/Recruit/GI_Read/45296614?Oem_Code=C1&logpath=1&stext=python&listno=455,/Recruit/Co_Read/C/38058130?Oem_Code=C1
455,㈜옵트에이아이,/Recruit/GI_Read/45296380?Oem_Code=C1&logpath=1&stext=python&listno=456,/Recruit/Co_Read/C/38058130?Oem_Code=C1
456,㈜옵트에이아이,/Recruit/GI_Read/45296362?Oem_Code=C1&logpath=1&stext=python&listno=457,/Recruit/Co_Read/C/38058130?Oem_Code=C1
457,고레로보틱스㈜,/Recruit/GI_Read/45296037?Oem_Code=C1&logpath=1&stext=python&listno=458,/Recruit/Co_Read/C/43412424?Oem_Code=C1
458,㈜바이오에이아이,/Recruit/GI_Read/45295753?Oem_Code=C1&logpath=1&stext=python&listno=459,/Recruit/Co_Read/C/37821611?Oem_Code=C1
459,글로벌소프트웨어캠퍼스㈜,/Recruit/GI_Read/45295937?Oem_Code=C1&logpath=1&stext=python&listno=460,/Recruit/Co_Read/C/15357014?Oem_Code=C1
460,㈜에이프로코리아,/Recruit/GI_Read/45295706?Oem_Code=C1&logpath=1&stext=python&listno=461,/Recruit/Co_Read/C/30327208?Oem_Code=C1
461,㈜뮤텍코리아,/Recruit/GI_Read/45295813?Oem_Code=C1&logpath=1&stext=python&listno=462,/Recruit/Co_Read/C/18043909?Oem_Code=C1
462,에코트로닉스㈜,/Recruit/GI_Read/45295792?Oem_Code=C1&logpath=1&stext=python&listno=463,/Recruit/Co_Read/C/13303832?Oem_Code=C1
463,"㈜아이겐드럭(AIgenDrug Co.,Ltd.)",/Recruit/GI_Read/45295714?Oem_Code=C1&logpath=1&stext=python&listno=464,/Recruit/Co_Read/C/42844137?Oem_Code=C1
464,㈜파이엇 (PIOT Inc),/Recruit/GI_Read/45295391?Oem_Code=C1&logpath=1&stext=python&listno=465,/Recruit/Co_Read/C/35707519?Oem_Code=C1
465,서현회계법인,/Recruit/GI_Read/45291373?Oem_Code=C1&logpath=1&stext=python&listno=466,/Recruit/Co_Read/C/367428?Oem_Code=C1
466,새라아이씨티㈜,/Recruit/GI_Read/45291372?Oem_Code=C1&logpath=1&stext=python&listno=467,/Recruit/Co_Read/C/16588357?Oem_Code=C1
467,㈜에이전트소프트,/Recruit/GI_Read/45290212?Oem_Code=C1&logpath=1&stext=python&listno=468,/Recruit/Co_Read/C/237134?Oem_Code=C1
468,㈜모니터랩,/Recruit/GI_Read/45289708?Oem_Code=C1&logpath=1&stext=python&listno=469,/Recruit/Co_Read/C/57728?Oem_Code=C1
469,토피아정보기술㈜,/Recruit/GI_Read/45288900?Oem_Code=C1&logpath=1&stext=python&listno=470,/Recruit/Co_Read/C/17125241?Oem_Code=C1
470,한국데이타시스템,/Recruit/GI_Read/45288147?Oem_Code=C1&logpath=1&stext=python&listno=471,/Recruit/Co_Read/C/28155252?Oem_Code=C1
471,㈜딥인사이트,/Recruit/GI_Read/45287861?Oem_Code=C1&logpath=1&stext=python&listno=472,/Recruit/Co_Read/C/33174652?Oem_Code=C1
472,㈜벡터시스,/Recruit/GI_Read/45287857?Oem_Code=C1&logpath=1&stext=python&listno=473,/Recruit/Co_Read/C/31909704?Oem_Code=C1
473,㈜지필로스,/Recruit/GI_Read/45287850?Oem_Code=C1&logpath=1&stext=python&listno=474,/Recruit/Co_Read/C/23578539?Oem_Code=C1
474,㈜비전스페이스,/Recruit/GI_Read/45287234?Oem_Code=C1&logpath=1&stext=python&listno=475,/Recruit/Co_Read/C/43026261?Oem_Code=C1
475,㈜이빗,/Recruit/GI_Read/45266172?Oem_Code=C1&logpath=1&stext=python&listno=476,/Recruit/Co_Read/C/43619052?Oem_Code=C1
476,㈜비플스,/Recruit/GI_Read/45286672?Oem_Code=C1&logpath=1&stext=python&listno=477,/Recruit/Co_Read/C/49116?Oem_Code=C1
477,강북삼성병원,/Recruit/GI_Read/45286588?Oem_Code=C1&logpath=1&stext=python&listno=478,/Recruit/Co_Read/C/37361938?Oem_Code=C1
478,㈜트라이얼인포매틱스,/Recruit/GI_Read/45286135?Oem_Code=C1&logpath=1&stext=python&listno=479,/Recruit/Co_Read/C/43724203?Oem_Code=C1
479,키네마스터 주식회사,/Recruit/GI_Read/45285653?Oem_Code=C1&logpath=1&stext=python&listno=480,/Recruit/Co_Read/C/265656?Oem_Code=C1
480,㈜씨에스리,/Recruit/GI_Read/45285660?Oem_Code=C1&logpath=1&stext=python&listno=481,/Recruit/Co_Read/C/13370834?Oem_Code=C1
481,㈜코그콤,/Recruit/GI_Read/45284970?Oem_Code=C1&logpath=1&stext=python&listno=482,/Recruit/Co_Read/C/32154614?Oem_Code=C1
482,㈜위존 강남사업장,/Recruit/GI_Read/45284451?Oem_Code=C1&logpath=1&stext=python&listno=483,/Recruit/Co_Read/C/14767?Oem_Code=C1
483,㈜위존 강남사업장,/Recruit/GI_Read/45284398?Oem_Code=C1&logpath=1&stext=python&listno=484,/Recruit/Co_Read/C/14767?Oem_Code=C1
484,㈜위존 강남사업장,/Recruit/GI_Read/45284364?Oem_Code=C1&logpath=1&stext=python&listno=485,/Recruit/Co_Read/C/14767?Oem_Code=C1
485,㈜솔로몬텍,/Recruit/GI_Read/45284179?Oem_Code=C1&logpath=1&stext=python&listno=486,/Recruit/Co_Read/C/19658227?Oem_Code=C1
486,㈜제이제이앤컴퍼니스,/Recruit/GI_Read/45284222?Oem_Code=C1&logpath=1&stext=python&listno=487,/Recruit/Co_Read/C/30919370?Oem_Code=C1
487,㈜제이제이앤컴퍼니스,/Recruit/GI_Read/45284127?Oem_Code=C1&logpath=1&stext=python&listno=488,/Recruit/Co_Read/C/30919370?Oem_Code=C1
488,㈜한국정보공작소,/Recruit/GI_Read/45283721?Oem_Code=C1&logpath=1&stext=python&listno=489,/Recruit/Co_Read/C/12627257?Oem_Code=C1
489,㈜리파인,/Recruit/GI_Read/45281677?Oem_Code=C1&logpath=1&stext=python&listno=490,/Recruit/Co_Read/C/26589?Oem_Code=C1
490,㈜클루커스 부산캠퍼스,/Recruit/GI_Read/45283198?Oem_Code=C1&logpath=1&stext=python&listno=491,/Recruit/Co_Read/C/41299027?Oem_Code=C1
491,㈜커넥티스,/Recruit/GI_Read/45282046?Oem_Code=C1&logpath=1&stext=python&listno=492,/Recruit/Co_Read/C/44717503?Oem_Code=C1
492,프레스티지바이오로직스㈜,/Recruit/GI_Read/45282988?Oem_Code=C1&logpath=1&stext=python&listno=493,/Recruit/Co_Read/C/19245041?Oem_Code=C1
493,페이크아이즈,/Recruit/GI_Read/45282961?Oem_Code=C1&logpath=1&stext=python&listno=494,/Recruit/Co_Read/C/21828541?Oem_Code=C1
494,위노보스,/Recruit/GI_Read/45269366?Oem_Code=C1&logpath=1&stext=python&listno=495,/Recruit/Co_Read/C/42407674?Oem_Code=C1
495,주식회사 텐핑거스,/Recruit/GI_Read/45282127?Oem_Code=C1&logpath=1&stext=python&listno=496,/Recruit/Co_Read/C/15692292?Oem_Code=C1
496,㈜티맥스알지,/Recruit/GI_Read/45281610?Oem_Code=C1&logpath=1&stext=python&listno=497,/Recruit/Co_Read/C/39190968?Oem_Code=C1
497,토르드라이브,/Recruit/GI_Read/45280784?Oem_Code=C1&logpath=1&stext=python&listno=498,/Recruit/Co_Read/C/24266065?Oem_Code=C1
498,㈜펫닥,/Recruit/GI_Read/45279468?Oem_Code=C1&logpath=1&stext=python&listno=499,/Recruit/Co_Read/C/40422469?Oem_Code=C1
499,엘티포,/Recruit/GI_Read/45280825?Oem_Code=C1&logpath=1&stext=python&listno=500,/Recruit/Co_Read/C/33213638?Oem_Code=C1
