,지역
0,서울시 강남구
1,경기도 성남시 수정구
2,서울시 영등포구
3,서울시 강남구
4,강동구
5,광진구
6,성동구
7,서초구
8,송파구
9,용산구
10,동작구
11,서울전지역
12,경기도 성남시 분당구
13,성남시 수정구
14,성남시 중원구
15,서울시 서초구
16,서울시 강남구
17,서울시 구로구
18,경기도 수원시 영통구
19,서울시 강남구
20,경기도 수원시 영통구
21,서울시 금천구
22,중구
23,경기도 성남시 분당구
24,서울시 금천구
25,중구
26,경기도 성남시 분당구
27,서울시 강남구
28,서울시 서초구
29,서울시 강남구
30,서울시 강남구
31,서울시 강남구
32,서울시 구로구
33,서울시 강남구
34,대전시 서구
35,서울시 구로구
36,서울시 중구
37,서울시 영등포구
38,서울시 서초구
39,서울시 중구
40,대전시 유성구
41,서울시 서초구
42,경기도 고양시 일산동구
43,경기도 성남시 분당구
44,하남시
45,서울시 강남구
46,서울시 마포구
47,서울시 강남구
48,서울시 강남구
49,충북 충주시
50,경기도 성남시 수정구
51,서울시 강남구
52,서울시 양천구
53,경기도 고양시 덕양구
54,서울시 강서구
55,서울시 중구
56,서울시 송파구
57,서울전지역
58,충북 청주시 서원구
59,서울시 강남구
60,서울시 금천구
61,경기도 화성시
62,인천시 서구
63,서울시 강남구
64,서울시 송파구
65,서울시 구로구
66,서울시 송파구
67,서울시 서초구
68,경기도 용인시 기흥구
69,서울시 강남구
70,서울전지역
71,경기전지역
72,서울시 영등포구
73,대전시 유성구
74,경기도 과천시
75,경기도 고양시 일산동구
76,경기도 안양시 동안구
77,서울시 금천구
78,서울시 서초구
79,서울시 서초구
80,서울시 금천구
81,경기도 성남시 분당구
82,서울시 금천구
83,경기도 수원시 영통구
84,여주시
85,서울시 서초구
86,인천시 연수구
87,강원도 원주시
88,서울시 마포구
89,서울전지역
90,서울시 강남구
91,충남 천안시 동남구
92,경기도 성남시 수정구
93,북아메리카 멕시코
94,남아메리카 브라질
95,아시아·중동 인도
96,서울시 종로구
97,경기도 성남시 분당구
98,경기도 성남시 분당구
99,서울시 강서구
100,서울시 금천구
101,서울시 영등포구
102,서울시 동작구
103,서울시 동작구
104,서울시 동작구
105,부산 부산진구
106,서울시 영등포구
107,서울시 금천구
108,서울시 구로구
109,서울시 송파구
110,전국
111,경기도 성남시 분당구
112,경북 구미시
113,경북 구미시
114,서울시 송파구
115,서울시 금천구
116,서울시 송파구
117,서울시 강남구
118,강서구
119,구로구
120,관악구
121,금천구
122,영등포구
123,경기도 성남시 분당구
124,서울시 강남구
125,서울시 서초구
126,서울시 서초구
127,대전시 유성구
128,경기도 성남시 분당구
129,경기도 성남시 분당구
130,경기도 성남시 분당구
131,서울시 강남구
132,서울시 강남구
133,경기도 성남시 분당구
134,서울시 용산구
135,서울시 구로구
136,서울시 구로구
137,서울시 구로구
138,관악구
139,충남 공주시
140,경기도 성남시 분당구
141,경기도 성남시 분당구
142,서울시 중구
143,경기도 성남시 분당구
144,경기도 성남시 분당구
145,경기도 성남시 분당구
146,경기도 수원시 영통구
147,용인시 기흥구
148,경남 창원시 성산구
149,서울시 금천구
150,서울시 양천구
151,서울시 양천구
152,서울시 용산구
153,서울시 중구
154,서울시 강남구
155,서울시 강남구
156,경기도 성남시 중원구
157,경기도 성남시 중원구
158,경북 구미시
159,경기도 성남시 분당구
160,서울시 동작구
161,경기도 성남시 분당구
162,서울시 중구
163,서울시 중구
164,경기도 성남시 수정구
165,서울시 영등포구
166,서울시 강남구
167,서울시 서초구
168,서울시 성동구
169,서울시 구로구
170,서울시 구로구
171,서울시 서초구
172,경기도 성남시 분당구
173,성남시 수정구
174,성남시 중원구
175,서울시 중구
176,경기도 성남시 분당구
177,인천시 서구
178,서울시 강남구
179,경기도 성남시 분당구
180,경기도 성남시 분당구
181,성남시 수정구
182,성남시 중원구
183,서울시 동작구
184,서울시 용산구
185,서울시 용산구
186,서울시 강남구
187,경기도 성남시 분당구
188,경기도 성남시 분당구
189,서울시 성동구
190,서울시 서초구
191,서울시 서초구
192,서울시 강남구
193,경기도 성남시 분당구
194,경기도 성남시 분당구
195,서울시 구로구
196,아시아·중동 사우디아라비아
197,서울시 중구
198,서울시 관악구
199,서울시 용산구
200,서울시 강남구
201,서울시 용산구
202,서울시 용산구
203,경기도 성남시 분당구
204,경기도 성남시 분당구
205,경기도 성남시 분당구
206,경기도 성남시 분당구
207,서울시 성동구
208,경기도 성남시 분당구
209,경기도 성남시 분당구
210,경기도 성남시 분당구
211,서울시 서초구
212,구로구
213,경기도 성남시 수정구
214,경기도 성남시 수정구
215,서울시 강남구
216,서울시 서초구
217,서울시 강남구
218,경기도 성남시 분당구
219,대전시 유성구
220,대전시 유성구
221,대전시 유성구
222,대전시 유성구
223,대전시 유성구
224,대전시 유성구
225,광주 북구
226,서울시 마포구
227,경기도 성남시 분당구
228,경기도 성남시 분당구
229,경기도 성남시 분당구
230,경기도 성남시 분당구
231,경남 창원시 성산구
232,경기도 화성시
233,경기도 용인시 처인구
234,경기도 성남시 분당구
235,경기도 성남시 수정구
236,충북 청주시 흥덕구
237,서울시 마포구
238,서울시 강서구
239,경기도 성남시 분당구
240,서울시 중구
241,충북 청주시 청원구
242,서울시 성동구
243,서울시 중구
244,서울시 서초구
245,경기도 성남시 분당구
246,서울시 성동구
247,서울시 강남구
248,서울시 강남구
249,서울시 중구
250,경기도 성남시 중원구
251,서울시 용산구
252,서울시 중구
253,서울시 송파구
254,부산 해운대구
255,서울시 금천구
256,서울시 영등포구
257,서울시 영등포구
258,서울시 영등포구
259,서울시 송파구
260,서울시 송파구
261,경기도 수원시 영통구
262,서울시 강남구
263,서울시 강서구
264,대구 동구
265,대전시 서구
266,서울시 강남구
267,서울전지역
268,경기전지역
269,서울시 중구
270,서울시 금천구
271,서울시 서초구
272,서울시 구로구
273,인천시 부평구
274,인천시 부평구
275,경기도 성남시 수정구
276,서울시 마포구
277,인천시 연수구
278,서울시 성동구
279,대전시 유성구
280,대전시 유성구
281,대전시 유성구
282,서울시 송파구
283,서울시 서초구
284,서울시 강남구
285,경기도 성남시 분당구
286,경기도 성남시 분당구
287,서울시 강남구
288,경기도 성남시 분당구
289,경기도 성남시 분당구
290,서울시 송파구
291,서울시 송파구
292,경기도 성남시 분당구
293,경기도 성남시 분당구
294,서울시 강남구
295,서울시 용산구
296,서울시 강남구
297,강서구
298,인천시 연수구
299,서울시 서대문구
300,경기도 오산시
301,경기도 성남시 분당구
302,수원시 영통구
303,경기도 성남시 분당구
304,성남시 수정구
305,성남시 중원구
306,광주시
307,수원시 장안구
308,수원시 권선구
309,수원시 팔달구
310,수원시 영통구
311,서울시 강남구
312,송파구
313,서초구
314,서울시 서초구
315,서울시 서초구
316,서울시 성동구
317,서울시 구로구
318,서울시 구로구
319,서울시 금천구
320,경기도 수원시 영통구
321,경기도 성남시 분당구
322,경기도 용인시 수지구
323,경기도 용인시 기흥구
324,서울시 강남구
325,서울시 강남구
326,관악구
327,용산구
328,강동구
329,광진구
330,송파구
331,서울전지역
332,동대문구
333,서초구
334,동작구
335,성동구
336,영등포구
337,중구
338,경기도 성남시 수정구
339,성남시 중원구
340,서울시 중구
341,서울시 종로구
342,서울시 송파구
343,서울시 서초구
344,대전시 유성구
345,서울시 서초구
346,서울전지역
347,서울시 강남구
348,서울시 강남구
349,서울시 강남구
350,서울시 금천구
351,서울시 구로구
352,서울시 구로구
353,서울시 금천구
354,서울시 강남구
355,송파구
356,부산 해운대구
357,서울시 강남구
358,서울전지역
359,경기도 수원시 영통구
360,용인시 기흥구
361,화성시
362,경기전지역
363,충북 청주시 흥덕구
364,서울시 마포구
365,인천시 남동구
366,부산 동구
